Workbook

Sheet About
A1: Access to Drinking Water – Transforming the Data (2000–2020)
A2: ALX Africa Data Analytics program · Data: WHO/UNICEF Joint Monitoring Programme (JMP), estimates 2000–2020
A4: Objective
A5: Measure whether access to basic drinking water is improving or declining, and where: national vs rural vs urban populations, and by world region (SDG 6).
A7: Sheets
A8: Data | B8: Two records per country (earliest and latest year) with calculated features.
A9: Summary | B9: Year coverage, ARC statistics, change in access by area, rural vs urban ARC difference.
A10: Regions | B10: Averages and full-access counts per region, plus charts.
A11: Chart Data | B11: Linked values feeding the bubble chart.
A12: Region Lookup | B12: Country → region reference table (imported Regions.csv).
A14: Annual Rate of Change (ARC)
A15: ARC = (access in latest year − access in earliest year) ÷ (number of years between them). Expressed in percentage points per year.
A17: Cleaning & corrections
A18: • Converted numbers stored as text (1,400+ cells) into real numbers.
A19: • Replaced the text "null" with empty cells, so statistics ignore missing values instead of failing.
A20: • Zimbabwe: population written with spaces ("13 815") converted to numbers; urban surface water "<1" set to 0.5.
A21: • ARC difference now keeps its sign (rural − urban) instead of an absolute value, so the histogram shows which area improved faster, and it no longer returns errors.
A22: • Region lookup uses INDEX/MATCH, which works in Excel and Google Sheets.
A25: Column dictionary
A26: Column | B26: Original field / how it is calculated
A27: Country | B27: Original JMP field: name
A28: Region | B28: Original JMP field: (from Regions.csv)
A29: Year | B29: Original JMP field: year
A30: Population (thousands) | B30: Original JMP field: pop_n
A31: Urban population (%) | B31: Original JMP field: pop_u
A32: Basic – national (%) | B32: Original JMP field: wat_bas_n
A33: Limited – national (%) | B33: Original JMP field: wat_lim_n
A34: Unimproved – national (%) | B34: Original JMP field: wat_unimp_n
A35: Surface water – national (%) | B35: Original JMP field: wat_sur_n
A36: Basic – rural (%) | B36: Original JMP field: wat_bas_r
A37: Limited – rural (%) | B37: Original JMP field: wat_lim_r
... A54: ARC difference (rural − urban) | B54: ARC_diff: ARC – rural − ARC – urban
A56: "Basic" = share of people with at least basic service (improved source, ≤ 30 min round trip).

Sheet Data
A1: Country | B1: Region | C1: Year | D1: Population (thousands) | E1: Urban population (%) | F1: Basic – national (%) | G1: Limited – national (%) | H1: Unimproved – national (%) | I1: Surface water – national (%) | J1: Basic – rural (%) | K1: Limited – rural (%) | L1: Unimproved – rural (%) | M1: Surface water – rural (%) | N1: Basic – urban (%) | O1: Limited – urban (%) | P1: Unimproved – urban (%) | Q1: Surface water – urban (%) | R1: Year difference | S1: ARC – national | T1: ARC – rural | U1: ARC – urban | V1: Basic – national (rounded) | W1: Basic – rural (rounded) | X1: Basic – urban (rounded) | Y1: Full access – national | Z1: Full access – rural | AA1: Full access – urban | AB1: ARC difference (rural − urban)
A2: Afghanistan | B2: =IFERROR(INDEX('Region Lookup'!$B$2:$B$233,MATCH(A2,'Region Lookup'!$A$2:$A$233,0)),"Not found") -> South Asia | C2: 2015 | D2: 34413.602 | E2: 24.802999 | F2: 61.339781 | G2: 3.5111995 | H2: 22.168784 | I2: 12.980236 | J2: 52.988502 | K2: 3.8611366 | L2: 26.553268 | M2: 16.597094 | N2: 86.658941 | O2: 2.4502706 | P2: 8.8760357 | Q2: 2.014753 | R2: =IF($A2=$A3,$C3-$C2,"") -> 5 | S2: =IF(AND($A2=$A3,ISNUMBER(F2),ISNUMBER(F3)),(F3-F2)/($C3-$C2),"") -> 2.7503265 | T2: =IF(AND($A2=$A3,ISNUMBER(J2),ISNUMBER(J3)),(J3-J2)/($C3-$C2),"") -> 2.6678826 | U2: =IF(AND($A2=$A3,ISNUMBER(N2),ISNUMBER(N3)),(N3-N2)/($C3-$C2),"") -> 2.6682119 | V2: =IF(ISNUMBER(F2),ROUND(F2,0),"") -> 61 | W2: =IF(ISNUMBER(J2),ROUND(J2,0),"") -> 53 | X2: =IF(ISNUMBER(N2),ROUND(N2,0),"") -> 87 | Y2: =IF(AND($A2=$A3,V2=100,V3=100),"full access","") | Z2: =IF(AND($A2=$A3,W2=100,W3=100),"full access","") | AA2: =IF(AND($A2=$A3,X2=100,X3=100),"full access","") | AB2: =IF(AND(ISNUMBER(T2),ISNUMBER(U2)),T2-U2,"") -> -0.000329218
A3: Afghanistan | B3: =IFERROR(INDEX('Region Lookup'!$B$2:$B$233,MATCH(A3,'Region Lookup'!$A$2:$A$233,0)),"Not found") -> South Asia | C3: 2020 | D3: 38928.34 | E3: 26.025999 | F3: 75.091413 | G3: 1.4475417 | H3: 14.560263 | I3: 8.9007822 | J3: 66.327915 | K3: 1.9568249 | L3: 19.682949 | M3: 12.032311 | N3: 100 | O3: 0 | P3: 0 | Q3: 0 | R3: =IF($A3=$A4,$C4-$C3,"") | S3: =IF(AND($A3=$A4,ISNUMBER(F3),ISNUMBER(F4)),(F4-F3)/($C4-$C3),"") | T3: =IF(AND($A3=$A4,ISNUMBER(J3),ISNUMBER(J4)),(J4-J3)/($C4-$C3),"") | U3: =IF(AND($A3=$A4,ISNUMBER(N3),ISNUMBER(N4)),(N4-N3)/($C4-$C3),"") | V3: =IF(ISNUMBER(F3),ROUND(F3,0),"") -> 75 | W3: =IF(ISNUMBER(J3),ROUND(J3,0),"") -> 66 | X3: =IF(ISNUMBER(N3),ROUND(N3,0),"") -> 100 | Y3: =IF(AND($A3=$A4,V3=100,V4=100),"full access","") | Z3: =IF(AND($A3=$A4,W3=100,W4=100),"full access","") | AA3: =IF(AND($A3=$A4,X3=100,X4=100),"full access","") | AB3: =IF(AND(ISNUMBER(T3),ISNUMBER(U3)),T3-U3,"")
A4: Albania | B4: =IFERROR(INDEX('Region Lookup'!$B$2:$B$233,MATCH(A4,'Region Lookup'!$A$2:$A$233,0)),"Not found") -> Europe & Central Asia | C4: 2015 | D4: 2890.5239 | E4: 57.433998 | F4: 93.394325 | G4: 3.6263837 | H4: 2.979291 | I4: 0 | J4: 90.627275 | K4: 5.2631726 | L4: 4.1095527 | M4: 0 | N4: 95.445067 | O4: 2.4133118 | P4: 2.1416212 | Q4: 0 | R4: =IF($A4=$A5,$C5-$C4,"") -> 5 | S4: =IF(AND($A4=$A5,ISNUMBER(F4),ISNUMBER(F5)),(F5-F4)/($C5-$C4),"") -> 0.3347427 | T4: =IF(AND($A4=$A5,ISNUMBER(J4),ISNUMBER(J5)),(J5-J4)/($C5-$C4),"") -> 0.69281669 | U4: =IF(AND($A4=$A5,ISNUMBER(N4),ISNUMBER(N5)),(N5-N4)/($C5-$C4),"") -> 0.043748432 | V4: =IF(ISNUMBER(F4),ROUND(F4,0),"") -> 93 | W4: =IF(ISNUMBER(J4),ROUND(J4,0),"") -> 91 | X4: =IF(ISNUMBER(N4),ROUND(N4,0),"") -> 95 | Y4: =IF(AND($A4=$A5,V4=100,V5=100),"full access","") | Z4: =IF(AND($A4=$A5,W4=100,W5=100),"full access","") | AA4: =IF(AND($A4=$A5,X4=100,X5=100),"full access","") | AB4: =IF(AND(ISNUMBER(T4),ISNUMBER(U4)),T4-U4,"") -> 0.64906826
A5: Albania | B5: =IFERROR(INDEX('Region Lookup'!$B$2:$B$233,MATCH(A5,'Region Lookup'!$A$2:$A$233,0)),"Not found") -> Europe & Central Asia | C5: 2020 | D5: 2877.8 | E5: 62.112 | F5: 95.068039 | G5: 1.8846561 | H5: 3.0473051 | I5: 0 | J5: 94.091358 | K5: 2.305265 | L5: 3.603377 | M5: 0 | N5: 95.663809 | O5: 1.6280868 | P5: 2.7081041 | Q5: 0 | R5: =IF($A5=$A6,$C6-$C5,"") | S5: =IF(AND($A5=$A6,ISNUMBER(F5),ISNUMBER(F6)),(F6-F5)/($C6-$C5),"") | T5: =IF(AND($A5=$A6,ISNUMBER(J5),ISNUMBER(J6)),(J6-J5)/($C6-$C5),"") | U5: =IF(AND($A5=$A6,ISNUMBER(N5),ISNUMBER(N6)),(N6-N5)/($C6-$C5),"") | V5: =IF(ISNUMBER(F5),ROUND(F5,0),"") -> 95 | W5: =IF(ISNUMBER(J5),ROUND(J5,0),"") -> 94 | X5: =IF(ISNUMBER(N5),ROUND(N5,0),"") -> 96 | Y5: =IF(AND($A5=$A6,V5=100,V6=100),"full access","") | Z5: =IF(AND($A5=$A6,W5=100,W6=100),"full access","") | AA5: =IF(AND($A5=$A6,X5=100,X6=100),"full access","") | AB5: =IF(AND(ISNUMBER(T5),ISNUMBER(U5)),T5-U5,"")
A6: Algeria | B6: =IFERROR(INDEX('Region Lookup'!$B$2:$B$233,MATCH(A6,'Region Lookup'!$A$2:$A$233,0)),"Not found") -> Middle East & North Africa | C6: 2015 | D6: 39728.02 | E6: 70.848 | F6: 93.409562 | G6: 5.1577809 | H6: 1.2754647 | I6: 0.15719289 | J6: 88.352707 | K6: 8.6857531 | L6: 2.5804318 | M6: 0.38110822 | N6: 95.490315 | O6: 3.7061173 | P6: 0.73851009 | Q6: 0.065057898 | R6: =IF($A6=$A7,$C7-$C6,"") -> 5 | S6: =IF(AND($A6=$A7,ISNUMBER(F6),ISNUMBER(F7)),(F7-F6)/($C7-$C6),"") -> 0.20555369 | T6: =IF(AND($A6=$A7,ISNUMBER(J6),ISNUMBER(J7)),(J7-J6)/($C7-$C6),"") -> 0.33696621 | U6: =IF(AND($A6=$A7,ISNUMBER(N6),ISNUMBER(N7)),(N7-N6)/($C7-$C6),"") -> 0.10288423 | V6: =IF(ISNUMBER(F6),ROUND(F6,0),"") -> 93 | W6: =IF(ISNUMBER(J6),ROUND(J6,0),"") -> 88 | X6: =IF(ISNUMBER(N6),ROUND(N6,0),"") -> 95 | Y6: =IF(AND($A6=$A7,V6=100,V7=100),"full access","") | Z6: =IF(AND($A6=$A7,W6=100,W7=100),"full access","") | AA6: =IF(AND($A6=$A7,X6=100,X7=100),"full access","") | AB6: =IF(AND(ISNUMBER(T6),ISNUMBER(U6)),T6-U6,"") -> 0.23408198
A7: Algeria | B7: =IFERROR(INDEX('Region Lookup'!$B$2:$B$233,MATCH(A7,'Region Lookup'!$A$2:$A$233,0)),"Not found") -> Middle East & North Africa | C7: 2020 | D7: 43851.043 | E7: 73.733002 | F7: 94.43733 | G7: 4.9858808 | H7: 0.53183666 | I7: 0.044952533 | J7: 90.037538 | K7: 8.7967221 | L7: 0.99460303 | M7: 0.17113693 | N7: 96.004736 | O7: 3.6282886 | P7: 0.36697555 | Q7: 0 | R7: =IF($A7=$A8,$C8-$C7,"") | S7: =IF(AND($A7=$A8,ISNUMBER(F7),ISNUMBER(F8)),(F8-F7)/($C8-$C7),"") | T7: =IF(AND($A7=$A8,ISNUMBER(J7),ISNUMBER(J8)),(J8-J7)/($C8-$C7),"") | U7: =IF(AND($A7=$A8,ISNUMBER(N7),ISNUMBER(N8)),(N8-N7)/($C8-$C7),"") | V7: =IF(ISNUMBER(F7),ROUND(F7,0),"") -> 94 | W7: =IF(ISNUMBER(J7),ROUND(J7,0),"") -> 90 | X7: =IF(ISNUMBER(N7),ROUND(N7,0),"") -> 96 | Y7: =IF(AND($A7=$A8,V7=100,V8=100),"full access","") | Z7: =IF(AND($A7=$A8,W7=100,W8=100),"full access","") | AA7: =IF(AND($A7=$A8,X7=100,X8=100),"full access","") | AB7: =IF(AND(ISNUMBER(T7),ISNUMBER(U7)),T7-U7,"")
A8: American Samoa | B8: =IFERROR(INDEX('Region Lookup'!$B$2:$B$233,MATCH(A8,'Region Lookup'!$A$2:$A$233,0)),"Not found") -> East Asia & Pacific | C8: 2015 | D8: 55.806 | E8: 87.238007 | F8: 99.619103 | G8: 0 | H8: 0.38089685 | I8: 0 | R8: =IF($A8=$A9,$C9-$C8,"") -> 5 | S8: =IF(AND($A8=$A9,ISNUMBER(F8),ISNUMBER(F9)),(F9-F8)/($C9-$C8),"") -> 0.030933702 | T8: =IF(AND($A8=$A9,ISNUMBER(J8),ISNUMBER(J9)),(J9-J8)/($C9-$C8),"") | U8: =IF(AND($A8=$A9,ISNUMBER(N8),ISNUMBER(N9)),(N9-N8)/($C9-$C8),"") | V8: =IF(ISNUMBER(F8),ROUND(F8,0),"") -> 100 | W8: =IF(ISNUMBER(J8),ROUND(J8,0),"") | X8: =IF(ISNUMBER(N8),ROUND(N8,0),"") | Y8: =IF(AND($A8=$A9,V8=100,V9=100),"full access","") -> full access | Z8: =IF(AND($A8=$A9,W8=100,W9=100),"full access","") | AA8: =IF(AND($A8=$A9,X8=100,X9=100),"full access","") | AB8: =IF(AND(ISNUMBER(T8),ISNUMBER(U8)),T8-U8,"")
A9: American Samoa | B9: =IFERROR(INDEX('Region Lookup'!$B$2:$B$233,MATCH(A9,'Region Lookup'!$A$2:$A$233,0)),"Not found") -> East Asia & Pacific | C9: 2020 | D9: 55.196999 | E9: 87.153 | F9: 99.773772 | G9: 0 | H9: 0.22622834 | I9: 0 | R9: =IF($A9=$A10,$C10-$C9,"") | S9: =IF(AND($A9=$A10,ISNUMBER(F9),ISNUMBER(F10)),(F10-F9)/($C10-$C9),"") | T9: =IF(AND($A9=$A10,ISNUMBER(J9),ISNUMBER(J10)),(J10-J9)/($C10-$C9),"") | U9: =IF(AND($A9=$A10,ISNUMBER(N9),ISNUMBER(N10)),(N10-N9)/($C10-$C9),"") | V9: =IF(ISNUMBER(F9),ROUND(F9,0),"") -> 100 | W9: =IF(ISNUMBER(J9),ROUND(J9,0),"") | X9: =IF(ISNUMBER(N9),ROUND(N9,0),"") | Y9: =IF(AND($A9=$A10,V9=100,V10=100),"full access","") | Z9: =IF(AND($A9=$A10,W9=100,W10=100),"full access","") | AA9: =IF(AND($A9=$A10,X9=100,X10=100),"full access","") | AB9: =IF(AND(ISNUMBER(T9),ISNUMBER(U9)),T9-U9,"")
A10: Andorra | B10: =IFERROR(INDEX('Region Lookup'!$B$2:$B$233,MATCH(A10,'Region Lookup'!$A$2:$A$233,0)),"Not found") -> Europe & Central Asia | C10: 2015 | D10: 77.992996 | E10: 88.344994 | F10: 99.999998 | G10: 0 | H10: 2.4455384e-06 | I10: 0 | J10: 100 | K10: 0 | L10: 0 | M10: 0 | N10: 100 | O10: 0 | P10: 0 | Q10: 0 | R10: =IF($A10=$A11,$C11-$C10,"") -> 5 | S10: =IF(AND($A10=$A11,ISNUMBER(F10),ISNUMBER(F11)),(F11-F10)/($C11-$C10),"") -> 1.23e-06 | T10: =IF(AND($A10=$A11,ISNUMBER(J10),ISNUMBER(J11)),(J11-J10)/($C11-$C10),"") -> 0 | U10: =IF(AND($A10=$A11,ISNUMBER(N10),ISNUMBER(N11)),(N11-N10)/($C11-$C10),"") -> 0 | V10: =IF(ISNUMBER(F10),ROUND(F10,0),"") -> 100 | W10: =IF(ISNUMBER(J10),ROUND(J10,0),"") -> 100 | X10: =IF(ISNUMBER(N10),ROUND(N10,0),"") -> 100 | Y10: =IF(AND($A10=$A11,V10=100,V11=100),"full access","") -> full access | Z10: =IF(AND($A10=$A11,W10=100,W11=100),"full access","") -> full access | AA10: =IF(AND($A10=$A11,X10=100,X11=100),"full access","") -> full access | AB10: =IF(AND(ISNUMBER(T10),ISNUMBER(U10)),T10-U10,"") -> 0
A11: Andorra | B11: =IFERROR(INDEX('Region Lookup'!$B$2:$B$233,MATCH(A11,'Region Lookup'!$A$2:$A$233,0)),"Not found") -> Europe & Central Asia | C11: 2020 | D11: 77.264999 | E11: 87.916 | F11: 100 | G11: 0 | H11: 0 | I11: 0 | J11: 100 | K11: 0 | L11: 0 | M11: 0 | N11: 100 | O11: 0 | P11: 0 | Q11: 0 | R11: =IF($A11=$A12,$C12-$C11,"") | S11: =IF(AND($A11=$A12,ISNUMBER(F11),ISNUMBER(F12)),(F12-F11)/($C12-$C11),"") | T11: =IF(AND($A11=$A12,ISNUMBER(J11),ISNUMBER(J12)),(J12-J11)/($C12-$C11),"") | U11: =IF(AND($A11=$A12,ISNUMBER(N11),ISNUMBER(N12)),(N12-N11)/($C12-$C11),"") | V11: =IF(ISNUMBER(F11),ROUND(F11,0),"") -> 100 | W11: =IF(ISNUMBER(J11),ROUND(J11,0),"") -> 100 | X11: =IF(ISNUMBER(N11),ROUND(N11,0),"") -> 100 | Y11: =IF(AND($A11=$A12,V11=100,V12=100),"full access","") | Z11: =IF(AND($A11=$A12,W11=100,W12=100),"full access","") | AA11: =IF(AND($A11=$A12,X11=100,X12=100),"full access","") | AB11: =IF(AND(ISNUMBER(T11),ISNUMBER(U11)),T11-U11,"")
A12: Angola | B12: =IFERROR(INDEX('Region Lookup'!$B$2:$B$233,MATCH(A12,'Region Lookup'!$A$2:$A$233,0)),"Not found") -> Sub-Saharan Africa | C12: 2015 | D12: 27884.381 | E12: 63.445995 | F12: 54.316928 | G12: 11.368619 | H12: 17.372356 | I12: 16.942097 | J12: 26.714369 | K12: 9.9310693 | L12: 21.725308 | M12: 41.629254 | N12: 70.219965 | O12: 12.196853 | P12: 14.864431 | Q12: 2.7187499 | R12: =IF($A12=$A13,$C13-$C12,"") -> 5 | S12: =IF(AND($A12=$A13,ISNUMBER(F12),ISNUMBER(F13)),(F13-F12)/($C13-$C12),"") -> 0.57016185 | T12: =IF(AND($A12=$A13,ISNUMBER(J12),ISNUMBER(J13)),(J13-J12)/($C13-$C12),"") -> 0.21877144 | U12: =IF(AND($A12=$A13,ISNUMBER(N12),ISNUMBER(N13)),(N13-N12)/($C13-$C12),"") -> 0.3046367 | V12: =IF(ISNUMBER(F12),ROUND(F12,0),"") -> 54 | W12: =IF(ISNUMBER(J12),ROUND(J12,0),"") -> 27 | X12: =IF(ISNUMBER(N12),ROUND(N12,0),"") -> 70 | Y12: =IF(AND($A12=$A13,V12=100,V13=100),"full access","") | Z12: =IF(AND($A12=$A13,W12=100,W13=100),"full access","") | AA12: =IF(AND($A12=$A13,X12=100,X13=100),"full access","") | AB12: =IF(AND(ISNUMBER(T12),ISNUMBER(U12)),T12-U12,"") -> -0.085865258
A13: Angola | B13: =IFERROR(INDEX('Region Lookup'!$B$2:$B$233,MATCH(A13,'Region Lookup'!$A$2:$A$233,0)),"Not found") -> Sub-Saharan Africa | C13: 2020 | D13: 32866.27 | E13: 66.824997 | F13: 57.167738 | G13: 9.2873499 | H13: 19.450825 | I13: 14.094087 | J13: 27.808227 | K13: 8.7404884 | L13: 22.933153 | M13: 40.518132 | N13: 71.743149 | O13: 9.5588375 | P13: 17.722035 | Q13: 0.97597916 | R13: =IF($A13=$A14,$C14-$C13,"") | S13: =IF(AND($A13=$A14,ISNUMBER(F13),ISNUMBER(F14)),(F14-F13)/($C14-$C13),"") | T13: =IF(AND($A13=$A14,ISNUMBER(J13),ISNUMBER(J14)),(J14-J13)/($C14-$C13),"") | U13: =IF(AND($A13=$A14,ISNUMBER(N13),ISNUMBER(N14)),(N14-N13)/($C14-$C13),"") | V13: =IF(ISNUMBER(F13),ROUND(F13,0),"") -> 57 | W13: =IF(ISNUMBER(J13),ROUND(J13,0),"") -> 28 | X13: =IF(ISNUMBER(N13),ROUND(N13,0),"") -> 72 | Y13: =IF(AND($A13=$A14,V13=100,V14=100),"full access","") | Z13: =IF(AND($A13=$A14,W13=100,W14=100),"full access","") | AA13: =IF(AND($A13=$A14,X13=100,X14=100),"full access","") | AB13: =IF(AND(ISNUMBER(T13),ISNUMBER(U13)),T13-U13,"")
A14: Anguilla | B14: =IFERROR(INDEX('Region Lookup'!$B$2:$B$233,MATCH(A14,'Region Lookup'!$A$2:$A$233,0)),"Not found") -> Latin America & Caribbean | C14: 2015 | D14: 14.279 | E14: 100 | F14: 97.482274 | G14: 0 | H14: 2.5177258 | I14: 0 | N14: 97.482274 | O14: 0 | P14: 2.5177258 | Q14: 0 | R14: =IF($A14=$A15,$C15-$C14,"") -> 2 | S14: =IF(AND($A14=$A15,ISNUMBER(F14),ISNUMBER(F15)),(F15-F14)/($C15-$C14),"") -> 0 | T14: =IF(AND($A14=$A15,ISNUMBER(J14),ISNUMBER(J15)),(J15-J14)/($C15-$C14),"") | U14: =IF(AND($A14=$A15,ISNUMBER(N14),ISNUMBER(N15)),(N15-N14)/($C15-$C14),"") -> 0 | V14: =IF(ISNUMBER(F14),ROUND(F14,0),"") -> 97 | W14: =IF(ISNUMBER(J14),ROUND(J14,0),"") | X14: =IF(ISNUMBER(N14),ROUND(N14,0),"") -> 97 | Y14: =IF(AND($A14=$A15,V14=100,V15=100),"full access","") | Z14: =IF(AND($A14=$A15,W14=100,W15=100),"full access","") | AA14: =IF(AND($A14=$A15,X14=100,X15=100),"full access","") | AB14: =IF(AND(ISNUMBER(T14),ISNUMBER(U14)),T14-U14,"")
A15: Anguilla | B15: =IFERROR(INDEX('Region Lookup'!$B$2:$B$233,MATCH(A15,'Region Lookup'!$A$2:$A$233,0)),"Not found") -> Latin America & Caribbean | C15: 2017 | D15: 14.588 | E15: 100 | F15: 97.482274 | G15: 0 | H15: 2.5177258 | I15: 0 | N15: 97.482274 | O15: 0 | P15: 2.5177258 | Q15: 0 | R15: =IF($A15=$A16,$C16-$C15,"") | S15: =IF(AND($A15=$A16,ISNUMBER(F15),ISNUMBER(F16)),(F16-F15)/($C16-$C15),"") | T15: =IF(AND($A15=$A16,ISNUMBER(J15),ISNUMBER(J16)),(J16-J15)/($C16-$C15),"") | U15: =IF(AND($A15=$A16,ISNUMBER(N15),ISNUMBER(N16)),(N16-N15)/($C16-$C15),"") | V15: =IF(ISNUMBER(F15),ROUND(F15,0),"") -> 97 | W15: =IF(ISNUMBER(J15),ROUND(J15,0),"") | X15: =IF(ISNUMBER(N15),ROUND(N15,0),"") -> 97 | Y15: =IF(AND($A15=$A16,V15=100,V16=100),"full access","") | Z15: =IF(AND($A15=$A16,W15=100,W16=100),"full access","") | AA15: =IF(AND($A15=$A16,X15=100,X16=100),"full access","") | AB15: =IF(AND(ISNUMBER(T15),ISNUMBER(U15)),T15-U15,"")
A16: Antigua and Barbuda | B16: =IFERROR(INDEX('Region Lookup'!$B$2:$B$233,MATCH(A16,'Region Lookup'!$A$2:$A$233,0)),"Not found") -> Latin America & Caribbean | C16: 2015 | D16: 93.570999 | E16: 25 | F16: 96.739186 | G16: 0 | H16: 3.1663476 | I16: 0.094466114 | R16: =IF($A16=$A17,$C17-$C16,"") -> 2 | S16: =IF(AND($A16=$A17,ISNUMBER(F16),ISNUMBER(F17)),(F17-F16)/($C17-$C16),"") -> 0 | T16: =IF(AND($A16=$A17,ISNUMBER(J16),ISNUMBER(J17)),(J17-J16)/($C17-$C16),"") | U16: =IF(AND($A16=$A17,ISNUMBER(N16),ISNUMBER(N17)),(N17-N16)/($C17-$C16),"") | V16: =IF(ISNUMBER(F16),ROUND(F16,0),"") -> 97 | W16: =IF(ISNUMBER(J16),ROUND(J16,0),"") | X16: =IF(ISNUMBER(N16),ROUND(N16,0),"") | Y16: =IF(AND($A16=$A17,V16=100,V17=100),"full access","") | Z16: =IF(AND($A16=$A17,W16=100,W17=100),"full access","") | AA16: =IF(AND($A16=$A17,X16=100,X17=100),"full access","") | AB16: =IF(AND(ISNUMBER(T16),ISNUMBER(U16)),T16-U16,"")
A17: Antigua and Barbuda | B17: =IFERROR(INDEX('Region Lookup'!$B$2:$B$233,MATCH(A17,'Region Lookup'!$A$2:$A$233,0)),"Not found") -> Latin America & Caribbean | C17: 2017 | D17: 95.425003 | E17: 24.713001 | F17: 96.739186 | G17: 0 | H17: 3.1663476 | I17: 0.094466114 | R17: =IF($A17=$A18,$C18-$C17,"") | S17: =IF(AND($A17=$A18,ISNUMBER(F17),ISNUMBER(F18)),(F18-F17)/($C18-$C17),"") | T17: =IF(AND($A17=$A18,ISNUMBER(J17),ISNUMBER(J18)),(J18-J17)/($C18-$C17),"") | U17: =IF(AND($A17=$A18,ISNUMBER(N17),ISNUMBER(N18)),(N18-N17)/($C18-$C17),"") | V17: =IF(ISNUMBER(F17),ROUND(F17,0),"") -> 97 | W17: =IF(ISNUMBER(J17),ROUND(J17,0),"") | X17: =IF(ISNUMBER(N17),ROUND(N17,0),"") | Y17: =IF(AND($A17=$A18,V17=100,V18=100),"full access","") | Z17: =IF(AND($A17=$A18,W17=100,W18=100),"full access","") | AA17: =IF(AND($A17=$A18,X17=100,X18=100),"full access","") | AB17: =IF(AND(ISNUMBER(T17),ISNUMBER(U17)),T17-U17,"")
A18: Argentina | B18: =IFERROR(INDEX('Region Lookup'!$B$2:$B$233,MATCH(A18,'Region Lookup'!$A$2:$A$233,0)),"Not found") -> Latin America & Caribbean | C18: 2015 | D18: 43075.414 | E18: 91.502998 | F18: 98.966588 | G18: 0 | H18: 0.66491438 | I18: 0.36849747 | J18: 92.98366 | K18: 0 | L18: 2.6795449 | M18: 4.3367951 | N18: 99.522163 | O18: 0 | P18: 0.47783695 | Q18: 0 | R18: =IF($A18=$A19,$C19-$C18,"") -> 5 | S18: =IF(AND($A18=$A19,ISNUMBER(F18),ISNUMBER(F19)),(F19-F18)/($C19-$C18),"") | T18: =IF(AND($A18=$A19,ISNUMBER(J18),ISNUMBER(J19)),(J19-J18)/($C19-$C18),"") | U18: =IF(AND($A18=$A19,ISNUMBER(N18),ISNUMBER(N19)),(N19-N18)/($C19-$C18),"") -> 0.05365152 | V18: =IF(ISNUMBER(F18),ROUND(F18,0),"") -> 99 | W18: =IF(ISNUMBER(J18),ROUND(J18,0),"") -> 93 | X18: =IF(ISNUMBER(N18),ROUND(N18,0),"") -> 100 | Y18: =IF(AND($A18=$A19,V18=100,V19=100),"full access","") | Z18: =IF(AND($A18=$A19,W18=100,W19=100),"full access","") | AA18: =IF(AND($A18=$A19,X18=100,X19=100),"full access","") -> full access | AB18: =IF(AND(ISNUMBER(T18),ISNUMBER(U18)),T18-U18,"")
A19: Argentina | B19: =IFERROR(INDEX('Region Lookup'!$B$2:$B$233,MATCH(A19,'Region Lookup'!$A$2:$A$233,0)),"Not found") -> Latin America & Caribbean | C19: 2020 | D19: 45195.777 | E19: 92.111 | N19: 99.790421 | O19: 0 | P19: 0.20957935 | Q19: 0 | R19: =IF($A19=$A20,$C20-$C19,"") | S19: =IF(AND($A19=$A20,ISNUMBER(F19),ISNUMBER(F20)),(F20-F19)/($C20-$C19),"") | T19: =IF(AND($A19=$A20,ISNUMBER(J19),ISNUMBER(J20)),(J20-J19)/($C20-$C19),"") | U19: =IF(AND($A19=$A20,ISNUMBER(N19),ISNUMBER(N20)),(N20-N19)/($C20-$C19),"") | V19: =IF(ISNUMBER(F19),ROUND(F19,0),"") | W19: =IF(ISNUMBER(J19),ROUND(J19,0),"") | X19: =IF(ISNUMBER(N19),ROUND(N19,0),"") -> 100 | Y19: =IF(AND($A19=$A20,V19=100,V20=100),"full access","") | Z19: =IF(AND($A19=$A20,W19=100,W20=100),"full access","") | AA19: =IF(AND($A19=$A20,X19=100,X20=100),"full access","") | AB19: =IF(AND(ISNUMBER(T19),ISNUMBER(U19)),T19-U19,"")
A20: Armenia | B20: =IFERROR(INDEX('Region Lookup'!$B$2:$B$233,MATCH(A20,'Region Lookup'!$A$2:$A$233,0)),"Not found") -> Europe & Central Asia | C20: 2015 | D20: 2925.5591 | E20: 63.085003 | F20: 99.552567 | G20: 0 | H20: 0.098505084 | I20: 0.34892822 | J20: 99.054779 | K20: 0 | L20: 0 | M20: 0.94522073 | N20: 99.843853 | O20: 0 | P20: 0.1561466 | Q20: 0 | R20: =IF($A20=$A21,$C21-$C20,"") -> 5 | S20: =IF(AND($A20=$A21,ISNUMBER(F20),ISNUMBER(F21)),(F21-F20)/($C21-$C20),"") -> 0.083722798 | T20: =IF(AND($A20=$A21,ISNUMBER(J20),ISNUMBER(J21)),(J21-J20)/($C21-$C20),"") -> 0.18904415 | U20: =IF(AND($A20=$A21,ISNUMBER(N20),ISNUMBER(N21)),(N21-N20)/($C21-$C20),"") -> 0.022125564 | V20: =IF(ISNUMBER(F20),ROUND(F20,0),"") -> 100 | W20: =IF(ISNUMBER(J20),ROUND(J20,0),"") -> 99 | X20: =IF(ISNUMBER(N20),ROUND(N20,0),"") -> 100 | Y20: =IF(AND($A20=$A21,V20=100,V21=100),"full access","") -> full access | Z20: =IF(AND($A20=$A21,W20=100,W21=100),"full access","") | AA20: =IF(AND($A20=$A21,X20=100,X21=100),"full access","") -> full access | AB20: =IF(AND(ISNUMBER(T20),ISNUMBER(U20)),T20-U20,"") -> 0.16691858
A21: Armenia | B21: =IFERROR(INDEX('Region Lookup'!$B$2:$B$233,MATCH(A21,'Region Lookup'!$A$2:$A$233,0)),"Not found") -> Europe & Central Asia | C21: 2020 | D21: 2963.2339 | E21: 63.313 | F21: 99.971181 | G21: 0 | H21: 0.028819308 | I21: 0 | J21: 100 | K21: 0 | L21: 0 | M21: 0 | N21: 99.954481 | O21: 0 | P21: 0.045518784 | Q21: 0 | R21: =IF($A21=$A22,$C22-$C21,"") | S21: =IF(AND($A21=$A22,ISNUMBER(F21),ISNUMBER(F22)),(F22-F21)/($C22-$C21),"") | T21: =IF(AND($A21=$A22,ISNUMBER(J21),ISNUMBER(J22)),(J22-J21)/($C22-$C21),"") | U21: =IF(AND($A21=$A22,ISNUMBER(N21),ISNUMBER(N22)),(N22-N21)/($C22-$C21),"") | V21: =IF(ISNUMBER(F21),ROUND(F21,0),"") -> 100 | W21: =IF(ISNUMBER(J21),ROUND(J21,0),"") -> 100 | X21: =IF(ISNUMBER(N21),ROUND(N21,0),"") -> 100 | Y21: =IF(AND($A21=$A22,V21=100,V22=100),"full access","") | Z21: =IF(AND($A21=$A22,W21=100,W22=100),"full access","") | AA21: =IF(AND($A21=$A22,X21=100,X22=100),"full access","") | AB21: =IF(AND(ISNUMBER(T21),ISNUMBER(U21)),T21-U21,"")
A22: Aruba | B22: =IFERROR(INDEX('Region Lookup'!$B$2:$B$233,MATCH(A22,'Region Lookup'!$A$2:$A$233,0)),"Not found") -> Latin America & Caribbean | C22: 2015 | D22: 104.339 | E22: 43.108002 | F22: 97.869023 | G22: 0 | H22: 1.9599362 | I22: 0.17104041 | R22: =IF($A22=$A23,$C23-$C22,"") -> 1 | S22: =IF(AND($A22=$A23,ISNUMBER(F22),ISNUMBER(F23)),(F23-F22)/($C23-$C22),"") -> 0 | T22: =IF(AND($A22=$A23,ISNUMBER(J22),ISNUMBER(J23)),(J23-J22)/($C23-$C22),"") | U22: =IF(AND($A22=$A23,ISNUMBER(N22),ISNUMBER(N23)),(N23-N22)/($C23-$C22),"") | V22: =IF(ISNUMBER(F22),ROUND(F22,0),"") -> 98 | W22: =IF(ISNUMBER(J22),ROUND(J22,0),"") | X22: =IF(ISNUMBER(N22),ROUND(N22,0),"") | Y22: =IF(AND($A22=$A23,V22=100,V23=100),"full access","") | Z22: =IF(AND($A22=$A23,W22=100,W23=100),"full access","") | AA22: =IF(AND($A22=$A23,X22=100,X23=100),"full access","") | AB22: =IF(AND(ISNUMBER(T22),ISNUMBER(U22)),T22-U22,"")
A23: Aruba | B23: =IFERROR(INDEX('Region Lookup'!$B$2:$B$233,MATCH(A23,'Region Lookup'!$A$2:$A$233,0)),"Not found") -> Latin America & Caribbean | C23: 2016 | D23: 104.865 | E23: 43.191998 | F23: 97.869023 | G23: 0 | H23: 1.9599362 | I23: 0.17104041 | R23: =IF($A23=$A24,$C24-$C23,"") | S23: =IF(AND($A23=$A24,ISNUMBER(F23),ISNUMBER(F24)),(F24-F23)/($C24-$C23),"") | T23: =IF(AND($A23=$A24,ISNUMBER(J23),ISNUMBER(J24)),(J24-J23)/($C24-$C23),"") | U23: =IF(AND($A23=$A24,ISNUMBER(N23),ISNUMBER(N24)),(N24-N23)/($C24-$C23),"") | V23: =IF(ISNUMBER(F23),ROUND(F23,0),"") -> 98 | W23: =IF(ISNUMBER(J23),ROUND(J23,0),"") | X23: =IF(ISNUMBER(N23),ROUND(N23,0),"") | Y23: =IF(AND($A23=$A24,V23=100,V24=100),"full access","") | Z23: =IF(AND($A23=$A24,W23=100,W24=100),"full access","") | AA23: =IF(AND($A23=$A24,X23=100,X24=100),"full access","") | AB23: =IF(AND(ISNUMBER(T23),ISNUMBER(U23)),T23-U23,"")
A24: Australia | B24: =IFERROR(INDEX('Region Lookup'!$B$2:$B$233,MATCH(A24,'Region Lookup'!$A$2:$A$233,0)),"Not found") -> East Asia & Pacific | C24: 2015 | D24: 23932.498 | E24: 85.701004 | F24: 99.970006 | G24: 0 | H24: 0.029994331 | I24: 0 | J24: 100 | K24: 0 | L24: 0 | M24: 0 | N24: 99.965 | O24: 0 | P24: 0.035 | Q24: 0 | R24: =IF($A24=$A25,$C25-$C24,"") -> 5 | S24: =IF(AND($A24=$A25,ISNUMBER(F24),ISNUMBER(F25)),(F25-F24)/($C25-$C24),"") -> -3.877e-05 | T24: =IF(AND($A24=$A25,ISNUMBER(J24),ISNUMBER(J25)),(J25-J24)/($C25-$C24),"") -> 0 | U24: =IF(AND($A24=$A25,ISNUMBER(N24),ISNUMBER(N25)),(N25-N24)/($C25-$C24),"") -> 0 | V24: =IF(ISNUMBER(F24),ROUND(F24,0),"") -> 100 | W24: =IF(ISNUMBER(J24),ROUND(J24,0),"") -> 100 | X24: =IF(ISNUMBER(N24),ROUND(N24,0),"") -> 100 | Y24: =IF(AND($A24=$A25,V24=100,V25=100),"full access","") -> full access | Z24: =IF(AND($A24=$A25,W24=100,W25=100),"full access","") -> full access | AA24: =IF(AND($A24=$A25,X24=100,X25=100),"full access","") -> full access | AB24: =IF(AND(ISNUMBER(T24),ISNUMBER(U24)),T24-U24,"") -> 0
A25: Australia | B25: =IFERROR(INDEX('Region Lookup'!$B$2:$B$233,MATCH(A25,'Region Lookup'!$A$2:$A$233,0)),"Not found") -> East Asia & Pacific | C25: 2020 | D25: 25499.881 | E25: 86.240997 | F25: 99.969812 | G25: 0 | H25: 0.030188179 | I25: 0 | J25: 100 | K25: 0 | L25: 0 | M25: 0 | N25: 99.965 | O25: 0 | P25: 0.035 | Q25: 0 | R25: =IF($A25=$A26,$C26-$C25,"") | S25: =IF(AND($A25=$A26,ISNUMBER(F25),ISNUMBER(F26)),(F26-F25)/($C26-$C25),"") | T25: =IF(AND($A25=$A26,ISNUMBER(J25),ISNUMBER(J26)),(J26-J25)/($C26-$C25),"") | U25: =IF(AND($A25=$A26,ISNUMBER(N25),ISNUMBER(N26)),(N26-N25)/($C26-$C25),"") | V25: =IF(ISNUMBER(F25),ROUND(F25,0),"") -> 100 | W25: =IF(ISNUMBER(J25),ROUND(J25,0),"") -> 100 | X25: =IF(ISNUMBER(N25),ROUND(N25,0),"") -> 100 | Y25: =IF(AND($A25=$A26,V25=100,V26=100),"full access","") | Z25: =IF(AND($A25=$A26,W25=100,W26=100),"full access","") | AA25: =IF(AND($A25=$A26,X25=100,X26=100),"full access","") | AB25: =IF(AND(ISNUMBER(T25),ISNUMBER(U25)),T25-U25,"")
A26: Austria | B26: =IFERROR(INDEX('Region Lookup'!$B$2:$B$233,MATCH(A26,'Region Lookup'!$A$2:$A$233,0)),"Not found") -> Europe & Central Asia | C26: 2015 | D26: 8678.667 | E26: 57.715 | F26: 100 | G26: 0 | H26: 0 | I26: 0 | J26: 100 | K26: 0 | L26: 0 | M26: 0 | N26: 100 | O26: 0 | P26: 0 | Q26: 0 | R26: =IF($A26=$A27,$C27-$C26,"") -> 5 | S26: =IF(AND($A26=$A27,ISNUMBER(F26),ISNUMBER(F27)),(F27-F26)/($C27-$C26),"") -> 0 | T26: =IF(AND($A26=$A27,ISNUMBER(J26),ISNUMBER(J27)),(J27-J26)/($C27-$C26),"") -> 0 | U26: =IF(AND($A26=$A27,ISNUMBER(N26),ISNUMBER(N27)),(N27-N26)/($C27-$C26),"") -> 0 | V26: =IF(ISNUMBER(F26),ROUND(F26,0),"") -> 100 | W26: =IF(ISNUMBER(J26),ROUND(J26,0),"") -> 100 | X26: =IF(ISNUMBER(N26),ROUND(N26,0),"") -> 100 | Y26: =IF(AND($A26=$A27,V26=100,V27=100),"full access","") -> full access | Z26: =IF(AND($A26=$A27,W26=100,W27=100),"full access","") -> full access | AA26: =IF(AND($A26=$A27,X26=100,X27=100),"full access","") -> full access | AB26: =IF(AND(ISNUMBER(T26),ISNUMBER(U26)),T26-U26,"") -> 0
A27: Austria | B27: =IFERROR(INDEX('Region Lookup'!$B$2:$B$233,MATCH(A27,'Region Lookup'!$A$2:$A$233,0)),"Not found") -> Europe & Central Asia | C27: 2020 | D27: 9006.4004 | E27: 58.748001 | F27: 100 | G27: 0 | H27: 0 | I27: 0 | J27: 100 | K27: 0 | L27: 0 | M27: 0 | N27: 100 | O27: 0 | P27: 0 | Q27: 0 | R27: =IF($A27=$A28,$C28-$C27,"") | S27: =IF(AND($A27=$A28,ISNUMBER(F27),ISNUMBER(F28)),(F28-F27)/($C28-$C27),"") | T27: =IF(AND($A27=$A28,ISNUMBER(J27),ISNUMBER(J28)),(J28-J27)/($C28-$C27),"") | U27: =IF(AND($A27=$A28,ISNUMBER(N27),ISNUMBER(N28)),(N28-N27)/($C28-$C27),"") | V27: =IF(ISNUMBER(F27),ROUND(F27,0),"") -> 100 | W27: =IF(ISNUMBER(J27),ROUND(J27,0),"") -> 100 | X27: =IF(ISNUMBER(N27),ROUND(N27,0),"") -> 100 | Y27: =IF(AND($A27=$A28,V27=100,V28=100),"full access","") | Z27: =IF(AND($A27=$A28,W27=100,W28=100),"full access","") | AA27: =IF(AND($A27=$A28,X27=100,X28=100),"full access","") | AB27: =IF(AND(ISNUMBER(T27),ISNUMBER(U27)),T27-U27,"")
A28: Azerbaijan | B28: =IFERROR(INDEX('Region Lookup'!$B$2:$B$233,MATCH(A28,'Region Lookup'!$A$2:$A$233,0)),"Not found") -> Europe & Central Asia | C28: 2015 | D28: 9622.7412 | E28: 54.714001 | F28: 92.420314 | G28: 1.0022424 | H28: 4.3650895 | I28: 2.2123541 | J28: 84.143213 | K28: 2.2131397 | L28: 8.988206 | M28: 4.655441 | N28: 99.271152 | O28: 0 | P28: 0.53860203 | Q28: 0.19024593 | R28: =IF($A28=$A29,$C29-$C28,"") -> 5 | S28: =IF(AND($A28=$A29,ISNUMBER(F28),ISNUMBER(F29)),(F29-F28)/($C29-$C28),"") -> 0.72461243 | T28: =IF(AND($A28=$A29,ISNUMBER(J28),ISNUMBER(J29)),(J29-J28)/($C29-$C28),"") -> 1.3565169 | U28: =IF(AND($A28=$A29,ISNUMBER(N28),ISNUMBER(N29)),(N29-N28)/($C29-$C28),"") -> 0.14576959 | V28: =IF(ISNUMBER(F28),ROUND(F28,0),"") -> 92 | W28: =IF(ISNUMBER(J28),ROUND(J28,0),"") -> 84 | X28: =IF(ISNUMBER(N28),ROUND(N28,0),"") -> 99 | Y28: =IF(AND($A28=$A29,V28=100,V29=100),"full access","") | Z28: =IF(AND($A28=$A29,W28=100,W29=100),"full access","") | AA28: =IF(AND($A28=$A29,X28=100,X29=100),"full access","") | AB28: =IF(AND(ISNUMBER(T28),ISNUMBER(U28)),T28-U28,"") -> 1.2107473
A29: Azerbaijan | B29: =IFERROR(INDEX('Region Lookup'!$B$2:$B$233,MATCH(A29,'Region Lookup'!$A$2:$A$233,0)),"Not found") -> Europe & Central Asia | C29: 2020 | D29: 10139.175 | E29: 56.397003 | F29: 96.043376 | G29: 1.0427812 | H29: 2.9138427 | I29: 0 | J29: 90.925798 | K29: 2.3915357 | L29: 6.6826664 | M29: 0 | N29: 100 | O29: 0 | P29: 0 | Q29: 0 | R29: =IF($A29=$A30,$C30-$C29,"") | S29: =IF(AND($A29=$A30,ISNUMBER(F29),ISNUMBER(F30)),(F30-F29)/($C30-$C29),"") | T29: =IF(AND($A29=$A30,ISNUMBER(J29),ISNUMBER(J30)),(J30-J29)/($C30-$C29),"") | U29: =IF(AND($A29=$A30,ISNUMBER(N29),ISNUMBER(N30)),(N30-N29)/($C30-$C29),"") | V29: =IF(ISNUMBER(F29),ROUND(F29,0),"") -> 96 | W29: =IF(ISNUMBER(J29),ROUND(J29,0),"") -> 91 | X29: =IF(ISNUMBER(N29),ROUND(N29,0),"") -> 100 | Y29: =IF(AND($A29=$A30,V29=100,V30=100),"full access","") | Z29: =IF(AND($A29=$A30,W29=100,W30=100),"full access","") | AA29: =IF(AND($A29=$A30,X29=100,X30=100),"full access","") | AB29: =IF(AND(ISNUMBER(T29),ISNUMBER(U29)),T29-U29,"")
A30: Bahamas | B30: =IFERROR(INDEX('Region Lookup'!$B$2:$B$233,MATCH(A30,'Region Lookup'!$A$2:$A$233,0)),"Not found") -> Latin America & Caribbean | C30: 2015 | D30: 374.20001 | E30: 82.745995 | F30: 98.886961 | G30: 0 | H30: 1.1130395 | I30: 0 | R30: =IF($A30=$A31,$C31-$C30,"") -> 4 | S30: =IF(AND($A30=$A31,ISNUMBER(F30),ISNUMBER(F31)),(F31-F30)/($C31-$C30),"") -> 0 | T30: =IF(AND($A30=$A31,ISNUMBER(J30),ISNUMBER(J31)),(J31-J30)/($C31-$C30),"") | U30: =IF(AND($A30=$A31,ISNUMBER(N30),ISNUMBER(N31)),(N31-N30)/($C31-$C30),"") | V30: =IF(ISNUMBER(F30),ROUND(F30,0),"") -> 99 | W30: =IF(ISNUMBER(J30),ROUND(J30,0),"") | X30: =IF(ISNUMBER(N30),ROUND(N30,0),"") | Y30: =IF(AND($A30=$A31,V30=100,V31=100),"full access","") | Z30: =IF(AND($A30=$A31,W30=100,W31=100),"full access","") | AA30: =IF(AND($A30=$A31,X30=100,X31=100),"full access","") | AB30: =IF(AND(ISNUMBER(T30),ISNUMBER(U30)),T30-U30,"")
A31: Bahamas | B31: =IFERROR(INDEX('Region Lookup'!$B$2:$B$233,MATCH(A31,'Region Lookup'!$A$2:$A$233,0)),"Not found") -> Latin America & Caribbean | C31: 2019 | D31: 389.48599 | E31: 83.131996 | F31: 98.886961 | G31: 0 | H31: 1.1130395 | I31: 0 | R31: =IF($A31=$A32,$C32-$C31,"") | S31: =IF(AND($A31=$A32,ISNUMBER(F31),ISNUMBER(F32)),(F32-F31)/($C32-$C31),"") | T31: =IF(AND($A31=$A32,ISNUMBER(J31),ISNUMBER(J32)),(J32-J31)/($C32-$C31),"") | U31: =IF(AND($A31=$A32,ISNUMBER(N31),ISNUMBER(N32)),(N32-N31)/($C32-$C31),"") | V31: =IF(ISNUMBER(F31),ROUND(F31,0),"") -> 99 | W31: =IF(ISNUMBER(J31),ROUND(J31,0),"") | X31: =IF(ISNUMBER(N31),ROUND(N31,0),"") | Y31: =IF(AND($A31=$A32,V31=100,V32=100),"full access","") | Z31: =IF(AND($A31=$A32,W31=100,W32=100),"full access","") | AA31: =IF(AND($A31=$A32,X31=100,X32=100),"full access","") | AB31: =IF(AND(ISNUMBER(T31),ISNUMBER(U31)),T31-U31,"")
A32: Bahrain | B32: =IFERROR(INDEX('Region Lookup'!$B$2:$B$233,MATCH(A32,'Region Lookup'!$A$2:$A$233,0)),"Not found") -> Europe & Central Asia | C32: 2015 | D32: 1371.853 | E32: 88.998993 | F32: 100 | G32: 0 | H32: 0 | I32: 0 | R32: =IF($A32=$A33,$C33-$C32,"") -> 5 | S32: =IF(AND($A32=$A33,ISNUMBER(F32),ISNUMBER(F33)),(F33-F32)/($C33-$C32),"") -> 0 | T32: =IF(AND($A32=$A33,ISNUMBER(J32),ISNUMBER(J33)),(J33-J32)/($C33-$C32),"") | U32: =IF(AND($A32=$A33,ISNUMBER(N32),ISNUMBER(N33)),(N33-N32)/($C33-$C32),"") | V32: =IF(ISNUMBER(F32),ROUND(F32,0),"") -> 100 | W32: =IF(ISNUMBER(J32),ROUND(J32,0),"") | X32: =IF(ISNUMBER(N32),ROUND(N32,0),"") | Y32: =IF(AND($A32=$A33,V32=100,V33=100),"full access","") -> full access | Z32: =IF(AND($A32=$A33,W32=100,W33=100),"full access","") | AA32: =IF(AND($A32=$A33,X32=100,X33=100),"full access","") | AB32: =IF(AND(ISNUMBER(T32),ISNUMBER(U32)),T32-U32,"")
A33: Bahrain | B33: =IFERROR(INDEX('Region Lookup'!$B$2:$B$233,MATCH(A33,'Region Lookup'!$A$2:$A$233,0)),"Not found") -> Europe & Central Asia | C33: 2020 | D33: 1701.583 | E33: 89.506004 | F33: 100 | G33: 0 | H33: 0 | I33: 0 | R33: =IF($A33=$A34,$C34-$C33,"") | S33: =IF(AND($A33=$A34,ISNUMBER(F33),ISNUMBER(F34)),(F34-F33)/($C34-$C33),"") | T33: =IF(AND($A33=$A34,ISNUMBER(J33),ISNUMBER(J34)),(J34-J33)/($C34-$C33),"") | U33: =IF(AND($A33=$A34,ISNUMBER(N33),ISNUMBER(N34)),(N34-N33)/($C34-$C33),"") | V33: =IF(ISNUMBER(F33),ROUND(F33,0),"") -> 100 | W33: =IF(ISNUMBER(J33),ROUND(J33,0),"") | X33: =IF(ISNUMBER(N33),ROUND(N33,0),"") | Y33: =IF(AND($A33=$A34,V33=100,V34=100),"full access","") | Z33: =IF(AND($A33=$A34,W33=100,W34=100),"full access","") | AA33: =IF(AND($A33=$A34,X33=100,X34=100),"full access","") | AB33: =IF(AND(ISNUMBER(T33),ISNUMBER(U33)),T33-U33,"")
A34: Bangladesh | B34: =IFERROR(INDEX('Region Lookup'!$B$2:$B$233,MATCH(A34,'Region Lookup'!$A$2:$A$233,0)),"Not found") -> South Asia | C34: 2015 | D34: 156256.28 | E34: 34.308002 | F34: 97.101602 | G34: 1.087989 | H34: 0.72156166 | I34: 1.0888469 | J34: 96.773011 | K34: 1.0462142 | L34: 0.73174732 | M34: 1.4490272 | N34: 97.73078 | O34: 1.1679782 | P34: 0.70205843 | Q34: 0.39918371 | R34: =IF($A34=$A35,$C35-$C34,"") -> 5 | S34: =IF(AND($A34=$A35,ISNUMBER(F34),ISNUMBER(F35)),(F35-F34)/($C35-$C34),"") -> 0.11927156 | T34: =IF(AND($A34=$A35,ISNUMBER(J34),ISNUMBER(J35)),(J35-J34)/($C35-$C34),"") -> 0.2214453 | U34: =IF(AND($A34=$A35,ISNUMBER(N34),ISNUMBER(N35)),(N35-N34)/($C35-$C34),"") -> -0.065600342 | V34: =IF(ISNUMBER(F34),ROUND(F34,0),"") -> 97 | W34: =IF(ISNUMBER(J34),ROUND(J34,0),"") -> 97 | X34: =IF(ISNUMBER(N34),ROUND(N34,0),"") -> 98 | Y34: =IF(AND($A34=$A35,V34=100,V35=100),"full access","") | Z34: =IF(AND($A34=$A35,W34=100,W35=100),"full access","") | AA34: =IF(AND($A34=$A35,X34=100,X35=100),"full access","") | AB34: =IF(AND(ISNUMBER(T34),ISNUMBER(U34)),T34-U34,"") -> 0.28704564
A35: Bangladesh | B35: =IFERROR(INDEX('Region Lookup'!$B$2:$B$233,MATCH(A35,'Region Lookup'!$A$2:$A$233,0)),"Not found") -> South Asia | C35: 2020 | D35: 164689.39 | E35: 38.177002 | F35: 97.69796 | G35: 1.1564259 | H35: 0.4626557 | I35: 0.68295817 | J35: 97.880238 | K35: 0.85810498 | L35: 0.31648024 | M35: 0.94517702 | N35: 97.402778 | O35: 1.6395201 | P35: 0.69937521 | Q35: 0.25832669 | R35: =IF($A35=$A36,$C36-$C35,"") | S35: =IF(AND($A35=$A36,ISNUMBER(F35),ISNUMBER(F36)),(F36-F35)/($C36-$C35),"") | T35: =IF(AND($A35=$A36,ISNUMBER(J35),ISNUMBER(J36)),(J36-J35)/($C36-$C35),"") | U35: =IF(AND($A35=$A36,ISNUMBER(N35),ISNUMBER(N36)),(N36-N35)/($C36-$C35),"") | V35: =IF(ISNUMBER(F35),ROUND(F35,0),"") -> 98 | W35: =IF(ISNUMBER(J35),ROUND(J35,0),"") -> 98 | X35: =IF(ISNUMBER(N35),ROUND(N35,0),"") -> 97 | Y35: =IF(AND($A35=$A36,V35=100,V36=100),"full access","") | Z35: =IF(AND($A35=$A36,W35=100,W36=100),"full access","") | AA35: =IF(AND($A35=$A36,X35=100,X36=100),"full access","") | AB35: =IF(AND(ISNUMBER(T35),ISNUMBER(U35)),T35-U35,"")
A36: Barbados | B36: =IFERROR(INDEX('Region Lookup'!$B$2:$B$233,MATCH(A36,'Region Lookup'!$A$2:$A$233,0)),"Not found") -> Latin America & Caribbean | C36: 2015 | D36: 285.327 | E36: 31.248999 | F36: 98.474445 | G36: 0.26749191 | H36: 1.2580634 | I36: 0 | R36: =IF($A36=$A37,$C37-$C36,"") -> 5 | S36: =IF(AND($A36=$A37,ISNUMBER(F36),ISNUMBER(F37)),(F37-F36)/($C37-$C36),"") -> 0.008001136 | T36: =IF(AND($A36=$A37,ISNUMBER(J36),ISNUMBER(J37)),(J37-J36)/($C37-$C36),"") | U36: =IF(AND($A36=$A37,ISNUMBER(N36),ISNUMBER(N37)),(N37-N36)/($C37-$C36),"") | V36: =IF(ISNUMBER(F36),ROUND(F36,0),"") -> 98 | W36: =IF(ISNUMBER(J36),ROUND(J36,0),"") | X36: =IF(ISNUMBER(N36),ROUND(N36,0),"") | Y36: =IF(AND($A36=$A37,V36=100,V37=100),"full access","") | Z36: =IF(AND($A36=$A37,W36=100,W37=100),"full access","") | AA36: =IF(AND($A36=$A37,X36=100,X37=100),"full access","") | AB36: =IF(AND(ISNUMBER(T36),ISNUMBER(U36)),T36-U36,"")
A37: Barbados | B37: =IFERROR(INDEX('Region Lookup'!$B$2:$B$233,MATCH(A37,'Region Lookup'!$A$2:$A$233,0)),"Not found") -> Latin America & Caribbean | C37: 2020 | D37: 287.371 | E37: 31.191 | F37: 98.51445 | G37: 0.26760058 | H37: 1.217949 | I37: 0 | R37: =IF($A37=$A38,$C38-$C37,"") | S37: =IF(AND($A37=$A38,ISNUMBER(F37),ISNUMBER(F38)),(F38-F37)/($C38-$C37),"") | T37: =IF(AND($A37=$A38,ISNUMBER(J37),ISNUMBER(J38)),(J38-J37)/($C38-$C37),"") | U37: =IF(AND($A37=$A38,ISNUMBER(N37),ISNUMBER(N38)),(N38-N37)/($C38-$C37),"") | V37: =IF(ISNUMBER(F37),ROUND(F37,0),"") -> 99 | W37: =IF(ISNUMBER(J37),ROUND(J37,0),"") | X37: =IF(ISNUMBER(N37),ROUND(N37,0),"") | Y37: =IF(AND($A37=$A38,V37=100,V38=100),"full access","") | Z37: =IF(AND($A37=$A38,W37=100,W38=100),"full access","") | AA37: =IF(AND($A37=$A38,X37=100,X38=100),"full access","") | AB37: =IF(AND(ISNUMBER(T37),ISNUMBER(U37)),T37-U37,"")
A38: Belarus | B38: =IFERROR(INDEX('Region Lookup'!$B$2:$B$233,MATCH(A38,'Region Lookup'!$A$2:$A$233,0)),"Not found") -> Europe & Central Asia | C38: 2015 | D38: 9439.4238 | E38: 77.181 | F38: 96.477067 | G38: 3.3001301 | H38: 0.2228028 | I38: 0 | J38: 98.330672 | K38: 0.99323911 | L38: 0.67608929 | M38: 0 | N38: 95.929035 | O38: 3.9821754 | P38: 0.088789424 | Q38: 0 | R38: =IF($A38=$A39,$C39-$C38,"") -> 5 | S38: =IF(AND($A38=$A39,ISNUMBER(F38),ISNUMBER(F39)),(F39-F38)/($C39-$C38),"") -> 0.011531798 | T38: =IF(AND($A38=$A39,ISNUMBER(J38),ISNUMBER(J39)),(J39-J38)/($C39-$C38),"") -> 0.046690142 | U38: =IF(AND($A38=$A39,ISNUMBER(N38),ISNUMBER(N39)),(N39-N38)/($C39-$C38),"") -> 0.016367688 | V38: =IF(ISNUMBER(F38),ROUND(F38,0),"") -> 96 | W38: =IF(ISNUMBER(J38),ROUND(J38,0),"") -> 98 | X38: =IF(ISNUMBER(N38),ROUND(N38,0),"") -> 96 | Y38: =IF(AND($A38=$A39,V38=100,V39=100),"full access","") | Z38: =IF(AND($A38=$A39,W38=100,W39=100),"full access","") | AA38: =IF(AND($A38=$A39,X38=100,X39=100),"full access","") | AB38: =IF(AND(ISNUMBER(T38),ISNUMBER(U38)),T38-U38,"") -> 0.030322454
A39: Belarus | B39: =IFERROR(INDEX('Region Lookup'!$B$2:$B$233,MATCH(A39,'Region Lookup'!$A$2:$A$233,0)),"Not found") -> Europe & Central Asia | C39: 2020 | D39: 9449.3213 | E39: 79.483002 | F39: 96.534726 | G39: 3.3721195 | H39: 0.093154368 | I39: 0 | J39: 98.564122 | K39: 0.9955972 | L39: 0.44028049 | M39: 0 | N39: 96.010874 | O39: 3.9855726 | P39: 0.003553732 | Q39: 0 | R39: =IF($A39=$A40,$C40-$C39,"") | S39: =IF(AND($A39=$A40,ISNUMBER(F39),ISNUMBER(F40)),(F40-F39)/($C40-$C39),"") | T39: =IF(AND($A39=$A40,ISNUMBER(J39),ISNUMBER(J40)),(J40-J39)/($C40-$C39),"") | U39: =IF(AND($A39=$A40,ISNUMBER(N39),ISNUMBER(N40)),(N40-N39)/($C40-$C39),"") | V39: =IF(ISNUMBER(F39),ROUND(F39,0),"") -> 97 | W39: =IF(ISNUMBER(J39),ROUND(J39,0),"") -> 99 | X39: =IF(ISNUMBER(N39),ROUND(N39,0),"") -> 96 | Y39: =IF(AND($A39=$A40,V39=100,V40=100),"full access","") | Z39: =IF(AND($A39=$A40,W39=100,W40=100),"full access","") | AA39: =IF(AND($A39=$A40,X39=100,X40=100),"full access","") | AB39: =IF(AND(ISNUMBER(T39),ISNUMBER(U39)),T39-U39,"")
A40: Belgium | B40: =IFERROR(INDEX('Region Lookup'!$B$2:$B$233,MATCH(A40,'Region Lookup'!$A$2:$A$233,0)),"Not found") -> Europe & Central Asia | C40: 2015 | D40: 11287.931 | E40: 97.875999 | F40: 99.999998 | G40: 0 | H40: 2.2980245e-06 | I40: 0 | J40: 100 | K40: 0 | L40: 0 | M40: 0 | N40: 100 | O40: 0 | P40: 0 | Q40: 0 | R40: =IF($A40=$A41,$C41-$C40,"") -> 5 | S40: =IF(AND($A40=$A41,ISNUMBER(F40),ISNUMBER(F41)),(F41-F40)/($C41-$C40),"") -> -2.5e-07 | T40: =IF(AND($A40=$A41,ISNUMBER(J40),ISNUMBER(J41)),(J41-J40)/($C41-$C40),"") -> 0 | U40: =IF(AND($A40=$A41,ISNUMBER(N40),ISNUMBER(N41)),(N41-N40)/($C41-$C40),"") -> 0 | V40: =IF(ISNUMBER(F40),ROUND(F40,0),"") -> 100 | W40: =IF(ISNUMBER(J40),ROUND(J40,0),"") -> 100 | X40: =IF(ISNUMBER(N40),ROUND(N40,0),"") -> 100 | Y40: =IF(AND($A40=$A41,V40=100,V41=100),"full access","") -> full access | Z40: =IF(AND($A40=$A41,W40=100,W41=100),"full access","") -> full access | AA40: =IF(AND($A40=$A41,X40=100,X41=100),"full access","") -> full access | AB40: =IF(AND(ISNUMBER(T40),ISNUMBER(U40)),T40-U40,"") -> 0
A41: Belgium | B41: =IFERROR(INDEX('Region Lookup'!$B$2:$B$233,MATCH(A41,'Region Lookup'!$A$2:$A$233,0)),"Not found") -> Europe & Central Asia | C41: 2020 | D41: 11589.616 | E41: 98.078995 | F41: 99.999996 | G41: 0 | H41: 3.5547968e-06 | I41: 0 | J41: 100 | K41: 0 | L41: 0 | M41: 0 | N41: 100 | O41: 0 | P41: 0 | Q41: 0 | R41: =IF($A41=$A42,$C42-$C41,"") | S41: =IF(AND($A41=$A42,ISNUMBER(F41),ISNUMBER(F42)),(F42-F41)/($C42-$C41),"") | T41: =IF(AND($A41=$A42,ISNUMBER(J41),ISNUMBER(J42)),(J42-J41)/($C42-$C41),"") | U41: =IF(AND($A41=$A42,ISNUMBER(N41),ISNUMBER(N42)),(N42-N41)/($C42-$C41),"") | V41: =IF(ISNUMBER(F41),ROUND(F41,0),"") -> 100 | W41: =IF(ISNUMBER(J41),ROUND(J41,0),"") -> 100 | X41: =IF(ISNUMBER(N41),ROUND(N41,0),"") -> 100 | Y41: =IF(AND($A41=$A42,V41=100,V42=100),"full access","") | Z41: =IF(AND($A41=$A42,W41=100,W42=100),"full access","") | AA41: =IF(AND($A41=$A42,X41=100,X42=100),"full access","") | AB41: =IF(AND(ISNUMBER(T41),ISNUMBER(U41)),T41-U41,"")
A42: Belize | B42: =IFERROR(INDEX('Region Lookup'!$B$2:$B$233,MATCH(A42,'Region Lookup'!$A$2:$A$233,0)),"Not found") -> Latin America & Caribbean | C42: 2015 | D42: 360.92599 | E42: 45.405998 | F42: 97.175595 | G42: 1.2279405 | H42: 1.5682225 | I42: 0.028241988 | J42: 95.653832 | K42: 1.421919 | L42: 2.872518 | M42: 0.051730936 | N42: 99.00529 | O42: 0.99471 | P42: 0 | Q42: 0 | R42: =IF($A42=$A43,$C43-$C42,"") -> 5 | S42: =IF(AND($A42=$A43,ISNUMBER(F42),ISNUMBER(F43)),(F43-F42)/($C43-$C42),"") -> 0.24527193 | T42: =IF(AND($A42=$A43,ISNUMBER(J42),ISNUMBER(J43)),(J43-J42)/($C43-$C42),"") -> 0.4682751 | U42: =IF(AND($A42=$A43,ISNUMBER(N42),ISNUMBER(N43)),(N43-N42)/($C43-$C42),"") -> -0.025266 | V42: =IF(ISNUMBER(F42),ROUND(F42,0),"") -> 97 | W42: =IF(ISNUMBER(J42),ROUND(J42,0),"") -> 96 | X42: =IF(ISNUMBER(N42),ROUND(N42,0),"") -> 99 | Y42: =IF(AND($A42=$A43,V42=100,V43=100),"full access","") | Z42: =IF(AND($A42=$A43,W42=100,W43=100),"full access","") | AA42: =IF(AND($A42=$A43,X42=100,X43=100),"full access","") | AB42: =IF(AND(ISNUMBER(T42),ISNUMBER(U42)),T42-U42,"") -> 0.4935411
A43: Belize | B43: =IFERROR(INDEX('Region Lookup'!$B$2:$B$233,MATCH(A43,'Region Lookup'!$A$2:$A$233,0)),"Not found") -> Latin America & Caribbean | C43: 2020 | D43: 397.621 | E43: 46.025002 | F43: 98.401955 | G43: 1.2491106 | H43: 0.34893474 | I43: 0 | J43: 97.995208 | K43: 1.3583177 | L43: 0.64647474 | M43: 0 | N43: 98.87896 | O43: 1.12104 | P43: 0 | Q43: 0 | R43: =IF($A43=$A44,$C44-$C43,"") | S43: =IF(AND($A43=$A44,ISNUMBER(F43),ISNUMBER(F44)),(F44-F43)/($C44-$C43),"") | T43: =IF(AND($A43=$A44,ISNUMBER(J43),ISNUMBER(J44)),(J44-J43)/($C44-$C43),"") | U43: =IF(AND($A43=$A44,ISNUMBER(N43),ISNUMBER(N44)),(N44-N43)/($C44-$C43),"") | V43: =IF(ISNUMBER(F43),ROUND(F43,0),"") -> 98 | W43: =IF(ISNUMBER(J43),ROUND(J43,0),"") -> 98 | X43: =IF(ISNUMBER(N43),ROUND(N43,0),"") -> 99 | Y43: =IF(AND($A43=$A44,V43=100,V44=100),"full access","") | Z43: =IF(AND($A43=$A44,W43=100,W44=100),"full access","") | AA43: =IF(AND($A43=$A44,X43=100,X44=100),"full access","") | AB43: =IF(AND(ISNUMBER(T43),ISNUMBER(U43)),T43-U43,"")
A44: Benin | B44: =IFERROR(INDEX('Region Lookup'!$B$2:$B$233,MATCH(A44,'Region Lookup'!$A$2:$A$233,0)),"Not found") -> Sub-Saharan Africa | C44: 2015 | D44: 10575.962 | E44: 45.695004 | F44: 64.786822 | G44: 8.7154707 | H44: 21.298464 | I44: 5.1992427 | J44: 56.784352 | K44: 11.703371 | L44: 23.774979 | M44: 7.7372983 | N44: 74.297143 | O44: 5.1645812 | P44: 18.355318 | Q44: 2.1829588 | R44: =IF($A44=$A45,$C45-$C44,"") -> 5 | S44: =IF(AND($A44=$A45,ISNUMBER(F44),ISNUMBER(F45)),(F45-F44)/($C45-$C44),"") -> 0.12546014 | T44: =IF(AND($A44=$A45,ISNUMBER(J44),ISNUMBER(J45)),(J45-J44)/($C45-$C44),"") -> 0.2535831 | U44: =IF(AND($A44=$A45,ISNUMBER(N44),ISNUMBER(N45)),(N45-N44)/($C45-$C44),"") -> -0.2078285 | V44: =IF(ISNUMBER(F44),ROUND(F44,0),"") -> 65 | W44: =IF(ISNUMBER(J44),ROUND(J44,0),"") -> 57 | X44: =IF(ISNUMBER(N44),ROUND(N44,0),"") -> 74 | Y44: =IF(AND($A44=$A45,V44=100,V45=100),"full access","") | Z44: =IF(AND($A44=$A45,W44=100,W45=100),"full access","") | AA44: =IF(AND($A44=$A45,X44=100,X45=100),"full access","") | AB44: =IF(AND(ISNUMBER(T44),ISNUMBER(U44)),T44-U44,"") -> 0.46141161
A45: Benin | B45: =IFERROR(INDEX('Region Lookup'!$B$2:$B$233,MATCH(A45,'Region Lookup'!$A$2:$A$233,0)),"Not found") -> Sub-Saharan Africa | C45: 2020 | D45: 12123.198 | E45: 48.414997 | F45: 65.414123 | G45: 9.3175356 | H45: 21.972541 | I45: 3.2958005 | J45: 58.052268 | K45: 12.705205 | L45: 23.977968 | M45: 5.2645586 | N45: 73.258 | O45: 5.7080564 | P45: 19.835807 | Q45: 1.1981368 | R45: =IF($A45=$A46,$C46-$C45,"") | S45: =IF(AND($A45=$A46,ISNUMBER(F45),ISNUMBER(F46)),(F46-F45)/($C46-$C45),"") | T45: =IF(AND($A45=$A46,ISNUMBER(J45),ISNUMBER(J46)),(J46-J45)/($C46-$C45),"") | U45: =IF(AND($A45=$A46,ISNUMBER(N45),ISNUMBER(N46)),(N46-N45)/($C46-$C45),"") | V45: =IF(ISNUMBER(F45),ROUND(F45,0),"") -> 65 | W45: =IF(ISNUMBER(J45),ROUND(J45,0),"") -> 58 | X45: =IF(ISNUMBER(N45),ROUND(N45,0),"") -> 73 | Y45: =IF(AND($A45=$A46,V45=100,V46=100),"full access","") | Z45: =IF(AND($A45=$A46,W45=100,W46=100),"full access","") | AA45: =IF(AND($A45=$A46,X45=100,X46=100),"full access","") | AB45: =IF(AND(ISNUMBER(T45),ISNUMBER(U45)),T45-U45,"")
A46: Bermuda | B46: =IFERROR(INDEX('Region Lookup'!$B$2:$B$233,MATCH(A46,'Region Lookup'!$A$2:$A$233,0)),"Not found") -> North America | C46: 2015 | D46: 63.695 | E46: 100 | F46: 99.90314 | G46: 0 | H46: 0.096859983 | I46: 0 | N46: 99.90314 | O46: 0 | P46: 0.096859983 | Q46: 0 | R46: =IF($A46=$A47,$C47-$C46,"") -> 5 | S46: =IF(AND($A46=$A47,ISNUMBER(F46),ISNUMBER(F47)),(F47-F46)/($C47-$C46),"") -> 0 | T46: =IF(AND($A46=$A47,ISNUMBER(J46),ISNUMBER(J47)),(J47-J46)/($C47-$C46),"") | U46: =IF(AND($A46=$A47,ISNUMBER(N46),ISNUMBER(N47)),(N47-N46)/($C47-$C46),"") -> 0 | V46: =IF(ISNUMBER(F46),ROUND(F46,0),"") -> 100 | W46: =IF(ISNUMBER(J46),ROUND(J46,0),"") | X46: =IF(ISNUMBER(N46),ROUND(N46,0),"") -> 100 | Y46: =IF(AND($A46=$A47,V46=100,V47=100),"full access","") -> full access | Z46: =IF(AND($A46=$A47,W46=100,W47=100),"full access","") | AA46: =IF(AND($A46=$A47,X46=100,X47=100),"full access","") -> full access | AB46: =IF(AND(ISNUMBER(T46),ISNUMBER(U46)),T46-U46,"")
A47: Bermuda | B47: =IFERROR(INDEX('Region Lookup'!$B$2:$B$233,MATCH(A47,'Region Lookup'!$A$2:$A$233,0)),"Not found") -> North America | C47: 2020 | D47: 62.272999 | E47: 100 | F47: 99.90314 | G47: 0 | H47: 0.096859983 | I47: 0 | N47: 99.90314 | O47: 0 | P47: 0.096859983 | Q47: 0 | R47: =IF($A47=$A48,$C48-$C47,"") | S47: =IF(AND($A47=$A48,ISNUMBER(F47),ISNUMBER(F48)),(F48-F47)/($C48-$C47),"") | T47: =IF(AND($A47=$A48,ISNUMBER(J47),ISNUMBER(J48)),(J48-J47)/($C48-$C47),"") | U47: =IF(AND($A47=$A48,ISNUMBER(N47),ISNUMBER(N48)),(N48-N47)/($C48-$C47),"") | V47: =IF(ISNUMBER(F47),ROUND(F47,0),"") -> 100 | W47: =IF(ISNUMBER(J47),ROUND(J47,0),"") | X47: =IF(ISNUMBER(N47),ROUND(N47,0),"") -> 100 | Y47: =IF(AND($A47=$A48,V47=100,V48=100),"full access","") | Z47: =IF(AND($A47=$A48,W47=100,W48=100),"full access","") | AA47: =IF(AND($A47=$A48,X47=100,X48=100),"full access","") | AB47: =IF(AND(ISNUMBER(T47),ISNUMBER(U47)),T47-U47,"")
A48: Bhutan | B48: =IFERROR(INDEX('Region Lookup'!$B$2:$B$233,MATCH(A48,'Region Lookup'!$A$2:$A$233,0)),"Not found") -> South Asia | C48: 2015 | D48: 727.88501 | E48: 38.678001 | F48: 96.221423 | G48: 2.4965963 | H48: 0.29618738 | I48: 0.98579374 | J48: 95.164363 | K48: 3.2158589 | L48: 0.1935987 | M48: 1.4261794 | N48: 97.897337 | O48: 1.356242 | P48: 0.45883649 | Q48: 0.2875847 | R48: =IF($A48=$A49,$C49-$C48,"") -> 5 | S48: =IF(AND($A48=$A49,ISNUMBER(F48),ISNUMBER(F49)),(F49-F48)/($C49-$C48),"") -> 0.21836001 | T48: =IF(AND($A48=$A49,ISNUMBER(J48),ISNUMBER(J49)),(J49-J48)/($C49-$C48),"") -> 0.31336614 | U48: =IF(AND($A48=$A49,ISNUMBER(N48),ISNUMBER(N49)),(N49-N48)/($C49-$C48),"") -> 0.041858342 | V48: =IF(ISNUMBER(F48),ROUND(F48,0),"") -> 96 | W48: =IF(ISNUMBER(J48),ROUND(J48,0),"") -> 95 | X48: =IF(ISNUMBER(N48),ROUND(N48,0),"") -> 98 | Y48: =IF(AND($A48=$A49,V48=100,V49=100),"full access","") | Z48: =IF(AND($A48=$A49,W48=100,W49=100),"full access","") | AA48: =IF(AND($A48=$A49,X48=100,X49=100),"full access","") | AB48: =IF(AND(ISNUMBER(T48),ISNUMBER(U48)),T48-U48,"") -> 0.2715078
A49: Bhutan | B49: =IFERROR(INDEX('Region Lookup'!$B$2:$B$233,MATCH(A49,'Region Lookup'!$A$2:$A$233,0)),"Not found") -> South Asia | C49: 2020 | D49: 771.612 | E49: 42.315998 | F49: 97.313223 | G49: 2.4607126 | H49: 0.17642422 | I49: 0.049640541 | J49: 96.731194 | K49: 3.2688064 | L49: 0 | M49: 0 | N49: 98.106628 | O49: 1.3591415 | P49: 0.41692085 | Q49: 0.11730916 | R49: =IF($A49=$A50,$C50-$C49,"") | S49: =IF(AND($A49=$A50,ISNUMBER(F49),ISNUMBER(F50)),(F50-F49)/($C50-$C49),"") | T49: =IF(AND($A49=$A50,ISNUMBER(J49),ISNUMBER(J50)),(J50-J49)/($C50-$C49),"") | U49: =IF(AND($A49=$A50,ISNUMBER(N49),ISNUMBER(N50)),(N50-N49)/($C50-$C49),"") | V49: =IF(ISNUMBER(F49),ROUND(F49,0),"") -> 97 | W49: =IF(ISNUMBER(J49),ROUND(J49,0),"") -> 97 | X49: =IF(ISNUMBER(N49),ROUND(N49,0),"") -> 98 | Y49: =IF(AND($A49=$A50,V49=100,V50=100),"full access","") | Z49: =IF(AND($A49=$A50,W49=100,W50=100),"full access","") | AA49: =IF(AND($A49=$A50,X49=100,X50=100),"full access","") | AB49: =IF(AND(ISNUMBER(T49),ISNUMBER(U49)),T49-U49,"")
A50: Bolivia (Plurinational State of) | B50: =IFERROR(INDEX('Region Lookup'!$B$2:$B$233,MATCH(A50,'Region Lookup'!$A$2:$A$233,0)),"Not found") -> Latin America & Caribbean | C50: 2015 | D50: 10869.732 | E50: 68.392998 | F50: 90.462141 | G50: 0.1728984 | H50: 2.8324572 | I50: 6.5325034 | J50: 73.74018 | K50: 0.33996878 | L50: 5.9118005 | M50: 20.00805 | N50: 98.189997 | O50: 0.095688834 | P50: 1.4093725 | Q50: 0.30494161 | R50: =IF($A50=$A51,$C51-$C50,"") -> 5 | S50: =IF(AND($A50=$A51,ISNUMBER(F50),ISNUMBER(F51)),(F51-F50)/($C51-$C50),"") -> 0.58558612 | T50: =IF(AND($A50=$A51,ISNUMBER(J50),ISNUMBER(J51)),(J51-J50)/($C51-$C50),"") -> 1.2392925 | U50: =IF(AND($A50=$A51,ISNUMBER(N50),ISNUMBER(N51)),(N51-N50)/($C51-$C50),"") -> 0.18642425 | V50: =IF(ISNUMBER(F50),ROUND(F50,0),"") -> 90 | W50: =IF(ISNUMBER(J50),ROUND(J50,0),"") -> 74 | X50: =IF(ISNUMBER(N50),ROUND(N50,0),"") -> 98 | Y50: =IF(AND($A50=$A51,V50=100,V51=100),"full access","") | Z50: =IF(AND($A50=$A51,W50=100,W51=100),"full access","") | AA50: =IF(AND($A50=$A51,X50=100,X51=100),"full access","") | AB50: =IF(AND(ISNUMBER(T50),ISNUMBER(U50)),T50-U50,"") -> 1.0528683
A51: Bolivia (Plurinational State of) | B51: =IFERROR(INDEX('Region Lookup'!$B$2:$B$233,MATCH(A51,'Region Lookup'!$A$2:$A$233,0)),"Not found") -> Latin America & Caribbean | C51: 2020 | D51: 11673.029 | E51: 70.123001 | F51: 93.390072 | G51: 0.13659053 | H51: 1.5750108 | I51: 4.898327 | J51: 79.936643 | K51: 0.24473641 | L51: 3.9541337 | M51: 15.864487 | N51: 99.122118 | O51: 0.090513289 | P51: 0.56134538 | Q51: 0.22602301 | R51: =IF($A51=$A52,$C52-$C51,"") | S51: =IF(AND($A51=$A52,ISNUMBER(F51),ISNUMBER(F52)),(F52-F51)/($C52-$C51),"") | T51: =IF(AND($A51=$A52,ISNUMBER(J51),ISNUMBER(J52)),(J52-J51)/($C52-$C51),"") | U51: =IF(AND($A51=$A52,ISNUMBER(N51),ISNUMBER(N52)),(N52-N51)/($C52-$C51),"") | V51: =IF(ISNUMBER(F51),ROUND(F51,0),"") -> 93 | W51: =IF(ISNUMBER(J51),ROUND(J51,0),"") -> 80 | X51: =IF(ISNUMBER(N51),ROUND(N51,0),"") -> 99 | Y51: =IF(AND($A51=$A52,V51=100,V52=100),"full access","") | Z51: =IF(AND($A51=$A52,W51=100,W52=100),"full access","") | AA51: =IF(AND($A51=$A52,X51=100,X52=100),"full access","") | AB51: =IF(AND(ISNUMBER(T51),ISNUMBER(U51)),T51-U51,"")
A52: Bosnia and Herzegovina | B52: =IFERROR(INDEX('Region Lookup'!$B$2:$B$233,MATCH(A52,'Region Lookup'!$A$2:$A$233,0)),"Not found") -> Europe & Central Asia | C52: 2015 | D52: 3429.3621 | E52: 47.172997 | F52: 96.159844 | G52: 3.78007 | H52: 0.060085849 | I52: 0 | J52: 97.333333 | K52: 2.6666667 | L52: 0 | M52: 0 | N52: 94.845704 | O52: 5.0269222 | P52: 0.12737339 | Q52: 0 | R52: =IF($A52=$A53,$C53-$C52,"") -> 5 | S52: =IF(AND($A52=$A53,ISNUMBER(F52),ISNUMBER(F53)),(F53-F52)/($C53-$C52),"") -> -0.009189312 | T52: =IF(AND($A52=$A53,ISNUMBER(J52),ISNUMBER(J53)),(J53-J52)/($C53-$C52),"") -> 0 | U52: =IF(AND($A52=$A53,ISNUMBER(N52),ISNUMBER(N53)),(N53-N52)/($C53-$C52),"") -> 0 | V52: =IF(ISNUMBER(F52),ROUND(F52,0),"") -> 96 | W52: =IF(ISNUMBER(J52),ROUND(J52,0),"") -> 97 | X52: =IF(ISNUMBER(N52),ROUND(N52,0),"") -> 95 | Y52: =IF(AND($A52=$A53,V52=100,V53=100),"full access","") | Z52: =IF(AND($A52=$A53,W52=100,W53=100),"full access","") | AA52: =IF(AND($A52=$A53,X52=100,X53=100),"full access","") | AB52: =IF(AND(ISNUMBER(T52),ISNUMBER(U52)),T52-U52,"") -> 0
A53: Bosnia and Herzegovina | B53: =IFERROR(INDEX('Region Lookup'!$B$2:$B$233,MATCH(A53,'Region Lookup'!$A$2:$A$233,0)),"Not found") -> Europe & Central Asia | C53: 2020 | D53: 3280.8149 | E53: 49.02 | F53: 96.113898 | G53: 3.8236639 | H53: 0.062438438 | I53: 0 | J53: 97.333333 | K53: 2.6666667 | L53: 0 | M53: 0 | N53: 94.845704 | O53: 5.0269222 | P53: 0.12737339 | Q53: 0 | R53: =IF($A53=$A54,$C54-$C53,"") | S53: =IF(AND($A53=$A54,ISNUMBER(F53),ISNUMBER(F54)),(F54-F53)/($C54-$C53),"") | T53: =IF(AND($A53=$A54,ISNUMBER(J53),ISNUMBER(J54)),(J54-J53)/($C54-$C53),"") | U53: =IF(AND($A53=$A54,ISNUMBER(N53),ISNUMBER(N54)),(N54-N53)/($C54-$C53),"") | V53: =IF(ISNUMBER(F53),ROUND(F53,0),"") -> 96 | W53: =IF(ISNUMBER(J53),ROUND(J53,0),"") -> 97 | X53: =IF(ISNUMBER(N53),ROUND(N53,0),"") -> 95 | Y53: =IF(AND($A53=$A54,V53=100,V54=100),"full access","") | Z53: =IF(AND($A53=$A54,W53=100,W54=100),"full access","") | AA53: =IF(AND($A53=$A54,X53=100,X54=100),"full access","") | AB53: =IF(AND(ISNUMBER(T53),ISNUMBER(U53)),T53-U53,"")
A54: Botswana | B54: =IFERROR(INDEX('Region Lookup'!$B$2:$B$233,MATCH(A54,'Region Lookup'!$A$2:$A$233,0)),"Not found") -> Sub-Saharan Africa | C54: 2015 | D54: 2120.7161 | E54: 67.154999 | F54: 88.44629 | G54: 8.4106142 | H54: 1.5783496 | I54: 1.5647467 | J54: 71.892534 | K54: 21.789328 | L54: 1.8541979 | M54: 4.4639407 | N54: 96.542603 | O54: 1.8671862 | P54: 1.4434385 | Q54: 0.14677276 | R54: =IF($A54=$A55,$C55-$C54,"") -> 5 | S54: =IF(AND($A54=$A55,ISNUMBER(F54),ISNUMBER(F55)),(F55-F54)/($C55-$C54),"") -> 0.75345471 | T54: =IF(AND($A54=$A55,ISNUMBER(J54),ISNUMBER(J55)),(J55-J54)/($C55-$C54),"") -> 1.430238 | U54: =IF(AND($A54=$A55,ISNUMBER(N54),ISNUMBER(N55)),(N55-N54)/($C55-$C54),"") -> 0.2164756 | V54: =IF(ISNUMBER(F54),ROUND(F54,0),"") -> 88 | W54: =IF(ISNUMBER(J54),ROUND(J54,0),"") -> 72 | X54: =IF(ISNUMBER(N54),ROUND(N54,0),"") -> 97 | Y54: =IF(AND($A54=$A55,V54=100,V55=100),"full access","") | Z54: =IF(AND($A54=$A55,W54=100,W55=100),"full access","") | AA54: =IF(AND($A54=$A55,X54=100,X55=100),"full access","") | AB54: =IF(AND(ISNUMBER(T54),ISNUMBER(U54)),T54-U54,"") -> 1.2137624
A55: Botswana | B55: =IFERROR(INDEX('Region Lookup'!$B$2:$B$233,MATCH(A55,'Region Lookup'!$A$2:$A$233,0)),"Not found") -> Sub-Saharan Africa | C55: 2020 | D55: 2351.625 | E55: 70.876999 | F55: 92.213563 | G55: 4.723039 | H55: 1.7325265 | I55: 1.3308715 | J55: 79.043724 | K55: 15.154947 | L55: 1.5961192 | M55: 4.2052098 | N55: 97.624981 | O55: 0.43662003 | P55: 1.7885792 | Q55: 0.14982023 | R55: =IF($A55=$A56,$C56-$C55,"") | S55: =IF(AND($A55=$A56,ISNUMBER(F55),ISNUMBER(F56)),(F56-F55)/($C56-$C55),"") | T55: =IF(AND($A55=$A56,ISNUMBER(J55),ISNUMBER(J56)),(J56-J55)/($C56-$C55),"") | U55: =IF(AND($A55=$A56,ISNUMBER(N55),ISNUMBER(N56)),(N56-N55)/($C56-$C55),"") | V55: =IF(ISNUMBER(F55),ROUND(F55,0),"") -> 92 | W55: =IF(ISNUMBER(J55),ROUND(J55,0),"") -> 79 | X55: =IF(ISNUMBER(N55),ROUND(N55,0),"") -> 98 | Y55: =IF(AND($A55=$A56,V55=100,V56=100),"full access","") | Z55: =IF(AND($A55=$A56,W55=100,W56=100),"full access","") | AA55: =IF(AND($A55=$A56,X55=100,X56=100),"full access","") | AB55: =IF(AND(ISNUMBER(T55),ISNUMBER(U55)),T55-U55,"")
A56: Brazil | B56: =IFERROR(INDEX('Region Lookup'!$B$2:$B$233,MATCH(A56,'Region Lookup'!$A$2:$A$233,0)),"Not found") -> Latin America & Caribbean | C56: 2015 | D56: 204471.77 | E56: 85.770004 | F56: 97.803568 | G56: 0.57950002 | H56: 0.47496571 | I56: 1.1419667 | J56: 88.756028 | K56: 2.8537736 | L56: 0.36513424 | M56: 8.025064 | N56: 99.304631 | O56: 0.20217793 | P56: 0.49319105 | Q56: 0 | R56: =IF($A56=$A57,$C57-$C56,"") -> 5 | S56: =IF(AND($A56=$A57,ISNUMBER(F56),ISNUMBER(F57)),(F57-F56)/($C57-$C56),"") -> 0.30345708 | T56: =IF(AND($A56=$A57,ISNUMBER(J56),ISNUMBER(J57)),(J57-J56)/($C57-$C56),"") -> 1.4378463 | U56: =IF(AND($A56=$A57,ISNUMBER(N56),ISNUMBER(N57)),(N57-N56)/($C57-$C56),"") -> 0.10347406 | V56: =IF(ISNUMBER(F56),ROUND(F56,0),"") -> 98 | W56: =IF(ISNUMBER(J56),ROUND(J56,0),"") -> 89 | X56: =IF(ISNUMBER(N56),ROUND(N56,0),"") -> 99 | Y56: =IF(AND($A56=$A57,V56=100,V57=100),"full access","") | Z56: =IF(AND($A56=$A57,W56=100,W57=100),"full access","") | AA56: =IF(AND($A56=$A57,X56=100,X57=100),"full access","") | AB56: =IF(AND(ISNUMBER(T56),ISNUMBER(U56)),T56-U56,"") -> 1.3343722
A57: Brazil | B57: =IFERROR(INDEX('Region Lookup'!$B$2:$B$233,MATCH(A57,'Region Lookup'!$A$2:$A$233,0)),"Not found") -> Latin America & Caribbean | C57: 2020 | D57: 212559.41 | E57: 87.072998 | F57: 99.320853 | G57: 0.126549 | H57: 0.55259801 | J57: 95.94526 | K57: 0.97895092 | L57: 3.0757896 | N57: 99.822001 | O57: 0 | P57: 0.17799869 | Q57: 0 | R57: =IF($A57=$A58,$C58-$C57,"") | S57: =IF(AND($A57=$A58,ISNUMBER(F57),ISNUMBER(F58)),(F58-F57)/($C58-$C57),"") | T57: =IF(AND($A57=$A58,ISNUMBER(J57),ISNUMBER(J58)),(J58-J57)/($C58-$C57),"") | U57: =IF(AND($A57=$A58,ISNUMBER(N57),ISNUMBER(N58)),(N58-N57)/($C58-$C57),"") | V57: =IF(ISNUMBER(F57),ROUND(F57,0),"") -> 99 | W57: =IF(ISNUMBER(J57),ROUND(J57,0),"") -> 96 | X57: =IF(ISNUMBER(N57),ROUND(N57,0),"") -> 100 | Y57: =IF(AND($A57=$A58,V57=100,V58=100),"full access","") | Z57: =IF(AND($A57=$A58,W57=100,W58=100),"full access","") | AA57: =IF(AND($A57=$A58,X57=100,X58=100),"full access","") | AB57: =IF(AND(ISNUMBER(T57),ISNUMBER(U57)),T57-U57,"")
A58: British Virgin Islands | B58: =IFERROR(INDEX('Region Lookup'!$B$2:$B$233,MATCH(A58,'Region Lookup'!$A$2:$A$233,0)),"Not found") -> Latin America & Caribbean | C58: 2015 | D58: 29.148001 | E58: 46.583 | F58: 99.864384 | G58: 0 | H58: 0.13561644 | I58: 0 | R58: =IF($A58=$A59,$C59-$C58,"") -> 5 | S58: =IF(AND($A58=$A59,ISNUMBER(F58),ISNUMBER(F59)),(F59-F58)/($C59-$C58),"") -> 0 | T58: =IF(AND($A58=$A59,ISNUMBER(J58),ISNUMBER(J59)),(J59-J58)/($C59-$C58),"") | U58: =IF(AND($A58=$A59,ISNUMBER(N58),ISNUMBER(N59)),(N59-N58)/($C59-$C58),"") | V58: =IF(ISNUMBER(F58),ROUND(F58,0),"") -> 100 | W58: =IF(ISNUMBER(J58),ROUND(J58,0),"") | X58: =IF(ISNUMBER(N58),ROUND(N58,0),"") | Y58: =IF(AND($A58=$A59,V58=100,V59=100),"full access","") -> full access | Z58: =IF(AND($A58=$A59,W58=100,W59=100),"full access","") | AA58: =IF(AND($A58=$A59,X58=100,X59=100),"full access","") | AB58: =IF(AND(ISNUMBER(T58),ISNUMBER(U58)),T58-U58,"")
A59: British Virgin Islands | B59: =IFERROR(INDEX('Region Lookup'!$B$2:$B$233,MATCH(A59,'Region Lookup'!$A$2:$A$233,0)),"Not found") -> Latin America & Caribbean | C59: 2020 | D59: 30.237 | E59: 48.514999 | F59: 99.864384 | G59: 0 | H59: 0.13561644 | I59: 0 | R59: =IF($A59=$A60,$C60-$C59,"") | S59: =IF(AND($A59=$A60,ISNUMBER(F59),ISNUMBER(F60)),(F60-F59)/($C60-$C59),"") | T59: =IF(AND($A59=$A60,ISNUMBER(J59),ISNUMBER(J60)),(J60-J59)/($C60-$C59),"") | U59: =IF(AND($A59=$A60,ISNUMBER(N59),ISNUMBER(N60)),(N60-N59)/($C60-$C59),"") | V59: =IF(ISNUMBER(F59),ROUND(F59,0),"") -> 100 | W59: =IF(ISNUMBER(J59),ROUND(J59,0),"") | X59: =IF(ISNUMBER(N59),ROUND(N59,0),"") | Y59: =IF(AND($A59=$A60,V59=100,V60=100),"full access","") | Z59: =IF(AND($A59=$A60,W59=100,W60=100),"full access","") | AA59: =IF(AND($A59=$A60,X59=100,X60=100),"full access","") | AB59: =IF(AND(ISNUMBER(T59),ISNUMBER(U59)),T59-U59,"")
A60: Brunei Darussalam | B60: =IFERROR(INDEX('Region Lookup'!$B$2:$B$233,MATCH(A60,'Region Lookup'!$A$2:$A$233,0)),"Not found") -> East Asia & Pacific | C60: 2015 | D60: 414.914 | E60: 76.662994 | F60: 99.509976 | G60: 0 | H60: 0.39667583 | I60: 0.093348003 | J60: 99.05 | K60: 0 | L60: 0.55 | M60: 0.4 | N60: 99.65 | O60: 0 | P60: 0.35 | Q60: 0 | R60: =IF($A60=$A61,$C61-$C60,"") -> 5 | S60: =IF(AND($A60=$A61,ISNUMBER(F60),ISNUMBER(F61)),(F61-F60)/($C61-$C60),"") -> 0.078012128 | T60: =IF(AND($A60=$A61,ISNUMBER(J60),ISNUMBER(J61)),(J61-J60)/($C61-$C60),"") | U60: =IF(AND($A60=$A61,ISNUMBER(N60),ISNUMBER(N61)),(N61-N60)/($C61-$C60),"") -> 0 | V60: =IF(ISNUMBER(F60),ROUND(F60,0),"") -> 100 | W60: =IF(ISNUMBER(J60),ROUND(J60,0),"") -> 99 | X60: =IF(ISNUMBER(N60),ROUND(N60,0),"") -> 100 | Y60: =IF(AND($A60=$A61,V60=100,V61=100),"full access","") -> full access | Z60: =IF(AND($A60=$A61,W60=100,W61=100),"full access","") | AA60: =IF(AND($A60=$A61,X60=100,X61=100),"full access","") -> full access | AB60: =IF(AND(ISNUMBER(T60),ISNUMBER(U60)),T60-U60,"")
A61: Brunei Darussalam | B61: =IFERROR(INDEX('Region Lookup'!$B$2:$B$233,MATCH(A61,'Region Lookup'!$A$2:$A$233,0)),"Not found") -> East Asia & Pacific | C61: 2020 | D61: 437.483 | E61: 78.250008 | F61: 99.900037 | G61: 0 | H61: 0.0999632 | I61: 0 | N61: 99.65 | O61: 0 | P61: 0.35 | Q61: 0 | R61: =IF($A61=$A62,$C62-$C61,"") | S61: =IF(AND($A61=$A62,ISNUMBER(F61),ISNUMBER(F62)),(F62-F61)/($C62-$C61),"") | T61: =IF(AND($A61=$A62,ISNUMBER(J61),ISNUMBER(J62)),(J62-J61)/($C62-$C61),"") | U61: =IF(AND($A61=$A62,ISNUMBER(N61),ISNUMBER(N62)),(N62-N61)/($C62-$C61),"") | V61: =IF(ISNUMBER(F61),ROUND(F61,0),"") -> 100 | W61: =IF(ISNUMBER(J61),ROUND(J61,0),"") | X61: =IF(ISNUMBER(N61),ROUND(N61,0),"") -> 100 | Y61: =IF(AND($A61=$A62,V61=100,V62=100),"full access","") | Z61: =IF(AND($A61=$A62,W61=100,W62=100),"full access","") | AA61: =IF(AND($A61=$A62,X61=100,X62=100),"full access","") | AB61: =IF(AND(ISNUMBER(T61),ISNUMBER(U61)),T61-U61,"")
A62: Bulgaria | B62: =IFERROR(INDEX('Region Lookup'!$B$2:$B$233,MATCH(A62,'Region Lookup'!$A$2:$A$233,0)),"Not found") -> Europe & Central Asia | C62: 2015 | D62: 7199.7388 | E62: 73.989998 | F62: 99.196327 | G62: 0 | H62: 0.80367269 | I62: 0 | J62: 98.01614 | K62: 0 | L62: 1.9838597 | M62: 0 | N62: 99.611208 | O62: 0 | P62: 0.38879228 | Q62: 0 | R62: =IF($A62=$A63,$C63-$C62,"") -> 5 | S62: =IF(AND($A62=$A63,ISNUMBER(F62),ISNUMBER(F63)),(F63-F62)/($C63-$C62),"") -> -0.036982074 | T62: =IF(AND($A62=$A63,ISNUMBER(J62),ISNUMBER(J63)),(J63-J62)/($C63-$C62),"") -> -0.12297047 | U62: =IF(AND($A62=$A63,ISNUMBER(N62),ISNUMBER(N63)),(N63-N62)/($C63-$C62),"") -> -0.016507464 | V62: =IF(ISNUMBER(F62),ROUND(F62,0),"") -> 99 | W62: =IF(ISNUMBER(J62),ROUND(J62,0),"") -> 98 | X62: =IF(ISNUMBER(N62),ROUND(N62,0),"") -> 100 | Y62: =IF(AND($A62=$A63,V62=100,V63=100),"full access","") | Z62: =IF(AND($A62=$A63,W62=100,W63=100),"full access","") | AA62: =IF(AND($A62=$A63,X62=100,X63=100),"full access","") -> full access | AB62: =IF(AND(ISNUMBER(T62),ISNUMBER(U62)),T62-U62,"") -> -0.10646301
A63: Bulgaria | B63: =IFERROR(INDEX('Region Lookup'!$B$2:$B$233,MATCH(A63,'Region Lookup'!$A$2:$A$233,0)),"Not found") -> Europe & Central Asia | C63: 2020 | D63: 6948.4448 | E63: 75.685997 | F63: 99.011417 | G63: 0 | H63: 0.98858306 | I63: 0 | J63: 97.401288 | K63: 0 | L63: 2.598712 | M63: 0 | N63: 99.52867 | O63: 0 | P63: 0.4713296 | Q63: 0 | R63: =IF($A63=$A64,$C64-$C63,"") | S63: =IF(AND($A63=$A64,ISNUMBER(F63),ISNUMBER(F64)),(F64-F63)/($C64-$C63),"") | T63: =IF(AND($A63=$A64,ISNUMBER(J63),ISNUMBER(J64)),(J64-J63)/($C64-$C63),"") | U63: =IF(AND($A63=$A64,ISNUMBER(N63),ISNUMBER(N64)),(N64-N63)/($C64-$C63),"") | V63: =IF(ISNUMBER(F63),ROUND(F63,0),"") -> 99 | W63: =IF(ISNUMBER(J63),ROUND(J63,0),"") -> 97 | X63: =IF(ISNUMBER(N63),ROUND(N63,0),"") -> 100 | Y63: =IF(AND($A63=$A64,V63=100,V64=100),"full access","") | Z63: =IF(AND($A63=$A64,W63=100,W64=100),"full access","") | AA63: =IF(AND($A63=$A64,X63=100,X64=100),"full access","") | AB63: =IF(AND(ISNUMBER(T63),ISNUMBER(U63)),T63-U63,"")
A64: Burkina Faso | B64: =IFERROR(INDEX('Region Lookup'!$B$2:$B$233,MATCH(A64,'Region Lookup'!$A$2:$A$233,0)),"Not found") -> Sub-Saharan Africa | C64: 2015 | D64: 18110.615 | E64: 27.530001 | F64: 50.137131 | G64: 25.673541 | H64: 22.430179 | I64: 1.759149 | J64: 38.855164 | K64: 30.202185 | L64: 28.648694 | M64: 2.2939571 | N64: 79.835792 | O64: 13.752335 | P64: 6.0605534 | Q64: 0.35131982 | R64: =IF($A64=$A65,$C65-$C64,"") -> 5 | S64: =IF(AND($A64=$A65,ISNUMBER(F64),ISNUMBER(F65)),(F65-F64)/($C65-$C64),"") -> -0.58445533 | T64: =IF(AND($A64=$A65,ISNUMBER(J64),ISNUMBER(J65)),(J65-J64)/($C65-$C64),"") -> -1.227381 | U64: =IF(AND($A64=$A65,ISNUMBER(N64),ISNUMBER(N65)),(N65-N64)/($C65-$C64),"") -> 0.049225276 | V64: =IF(ISNUMBER(F64),ROUND(F64,0),"") -> 50 | W64: =IF(ISNUMBER(J64),ROUND(J64,0),"") -> 39 | X64: =IF(ISNUMBER(N64),ROUND(N64,0),"") -> 80 | Y64: =IF(AND($A64=$A65,V64=100,V65=100),"full access","") | Z64: =IF(AND($A64=$A65,W64=100,W65=100),"full access","") | AA64: =IF(AND($A64=$A65,X64=100,X65=100),"full access","") | AB64: =IF(AND(ISNUMBER(T64),ISNUMBER(U64)),T64-U64,"") -> -1.2766062
A65: Burkina Faso | B65: =IFERROR(INDEX('Region Lookup'!$B$2:$B$233,MATCH(A65,'Region Lookup'!$A$2:$A$233,0)),"Not found") -> Sub-Saharan Africa | C65: 2020 | D65: 20903.277 | E65: 30.607 | F65: 47.214854 | G65: 31.273003 | H65: 21.158633 | I65: 0.3535095 | J65: 32.718259 | K65: 38.626903 | L65: 28.340446 | M65: 0.31439286 | N65: 80.081919 | O65: 14.600049 | P65: 4.8758365 | Q65: 0.44219578 | R65: =IF($A65=$A66,$C66-$C65,"") | S65: =IF(AND($A65=$A66,ISNUMBER(F65),ISNUMBER(F66)),(F66-F65)/($C66-$C65),"") | T65: =IF(AND($A65=$A66,ISNUMBER(J65),ISNUMBER(J66)),(J66-J65)/($C66-$C65),"") | U65: =IF(AND($A65=$A66,ISNUMBER(N65),ISNUMBER(N66)),(N66-N65)/($C66-$C65),"") | V65: =IF(ISNUMBER(F65),ROUND(F65,0),"") -> 47 | W65: =IF(ISNUMBER(J65),ROUND(J65,0),"") -> 33 | X65: =IF(ISNUMBER(N65),ROUND(N65,0),"") -> 80 | Y65: =IF(AND($A65=$A66,V65=100,V66=100),"full access","") | Z65: =IF(AND($A65=$A66,W65=100,W66=100),"full access","") | AA65: =IF(AND($A65=$A66,X65=100,X66=100),"full access","") | AB65: =IF(AND(ISNUMBER(T65),ISNUMBER(U65)),T65-U65,"")
A66: Burundi | B66: =IFERROR(INDEX('Region Lookup'!$B$2:$B$233,MATCH(A66,'Region Lookup'!$A$2:$A$233,0)),"Not found") -> Sub-Saharan Africa | C66: 2015 | D66: 10160.034 | E66: 12.078 | F66: 59.581469 | G66: 19.538892 | H66: 14.864993 | I66: 6.0146463 | J66: 55.558267 | K66: 21.166796 | L66: 16.594145 | M66: 6.680793 | N66: 88.868438 | O66: 7.6885395 | P66: 2.2776019 | Q66: 1.165421 | R66: =IF($A66=$A67,$C67-$C66,"") -> 5 | S66: =IF(AND($A66=$A67,ISNUMBER(F66),ISNUMBER(F67)),(F67-F66)/($C67-$C66),"") -> 0.5251306 | T66: =IF(AND($A66=$A67,ISNUMBER(J66),ISNUMBER(J67)),(J67-J66)/($C67-$C66),"") -> 0.42549967 | U66: =IF(AND($A66=$A67,ISNUMBER(N66),ISNUMBER(N67)),(N67-N66)/($C67-$C66),"") -> 0.36013465 | V66: =IF(ISNUMBER(F66),ROUND(F66,0),"") -> 60 | W66: =IF(ISNUMBER(J66),ROUND(J66,0),"") -> 56 | X66: =IF(ISNUMBER(N66),ROUND(N66,0),"") -> 89 | Y66: =IF(AND($A66=$A67,V66=100,V67=100),"full access","") | Z66: =IF(AND($A66=$A67,W66=100,W67=100),"full access","") | AA66: =IF(AND($A66=$A67,X66=100,X67=100),"full access","") | AB66: =IF(AND(ISNUMBER(T66),ISNUMBER(U66)),T66-U66,"") -> 0.065365018
A67: Burundi | B67: =IFERROR(INDEX('Region Lookup'!$B$2:$B$233,MATCH(A67,'Region Lookup'!$A$2:$A$233,0)),"Not found") -> Sub-Saharan Africa | C67: 2020 | D67: 11890.781 | E67: 13.708 | F67: 62.207122 | G67: 19.439693 | H67: 14.75826 | I67: 3.5949249 | J67: 57.685765 | K67: 21.251482 | L67: 16.896752 | M67: 4.1660002 | N67: 90.669111 | O67: 8.0344629 | P67: 1.2964263 | Q67: 0 | R67: =IF($A67=$A68,$C68-$C67,"") | S67: =IF(AND($A67=$A68,ISNUMBER(F67),ISNUMBER(F68)),(F68-F67)/($C68-$C67),"") | T67: =IF(AND($A67=$A68,ISNUMBER(J67),ISNUMBER(J68)),(J68-J67)/($C68-$C67),"") | U67: =IF(AND($A67=$A68,ISNUMBER(N67),ISNUMBER(N68)),(N68-N67)/($C68-$C67),"") | V67: =IF(ISNUMBER(F67),ROUND(F67,0),"") -> 62 | W67: =IF(ISNUMBER(J67),ROUND(J67,0),"") -> 58 | X67: =IF(ISNUMBER(N67),ROUND(N67,0),"") -> 91 | Y67: =IF(AND($A67=$A68,V67=100,V68=100),"full access","") | Z67: =IF(AND($A67=$A68,W67=100,W68=100),"full access","") | AA67: =IF(AND($A67=$A68,X67=100,X68=100),"full access","") | AB67: =IF(AND(ISNUMBER(T67),ISNUMBER(U67)),T67-U67,"")
A68: Cabo Verde | B68: =IFERROR(INDEX('Region Lookup'!$B$2:$B$233,MATCH(A68,'Region Lookup'!$A$2:$A$233,0)),"Not found") -> Sub-Saharan Africa | C68: 2015 | D68: 524.73999 | E68: 64.299995 | F68: 85.443342 | G68: 10.253078 | H68: 4.1519483 | I68: 0.15163169 | J68: 72.832314 | K68: 16.379795 | L68: 10.436761 | M68: 0.35113054 | N68: 92.445115 | O68: 6.8514639 | P68: 0.66255363 | Q68: 0.040867954 | R68: =IF($A68=$A69,$C69-$C68,"") -> 5 | S68: =IF(AND($A68=$A69,ISNUMBER(F68),ISNUMBER(F69)),(F69-F68)/($C69-$C68),"") -> 0.66525281 | T68: =IF(AND($A68=$A69,ISNUMBER(J68),ISNUMBER(J69)),(J69-J68)/($C69-$C68),"") -> 1.4564423 | U68: =IF(AND($A68=$A69,ISNUMBER(N68),ISNUMBER(N69)),(N69-N68)/($C69-$C68),"") -> 0.1309771 | V68: =IF(ISNUMBER(F68),ROUND(F68,0),"") -> 85 | W68: =IF(ISNUMBER(J68),ROUND(J68,0),"") -> 73 | X68: =IF(ISNUMBER(N68),ROUND(N68,0),"") -> 92 | Y68: =IF(AND($A68=$A69,V68=100,V69=100),"full access","") | Z68: =IF(AND($A68=$A69,W68=100,W69=100),"full access","") | AA68: =IF(AND($A68=$A69,X68=100,X69=100),"full access","") | AB68: =IF(AND(ISNUMBER(T68),ISNUMBER(U68)),T68-U68,"") -> 1.3254652
A69: Cabo Verde | B69: =IFERROR(INDEX('Region Lookup'!$B$2:$B$233,MATCH(A69,'Region Lookup'!$A$2:$A$233,0)),"Not found") -> Sub-Saharan Africa | C69: 2020 | D69: 555.98798 | E69: 66.652 | F69: 88.769606 | G69: 7.9041508 | H69: 3.2091477 | I69: 0.11709501 | J69: 80.114525 | K69: 9.911127 | L69: 9.623217 | M69: 0.35113054 | N69: 93.1 | O69: 6.9 | P69: 0 | Q69: 0 | R69: =IF($A69=$A70,$C70-$C69,"") | S69: =IF(AND($A69=$A70,ISNUMBER(F69),ISNUMBER(F70)),(F70-F69)/($C70-$C69),"") | T69: =IF(AND($A69=$A70,ISNUMBER(J69),ISNUMBER(J70)),(J70-J69)/($C70-$C69),"") | U69: =IF(AND($A69=$A70,ISNUMBER(N69),ISNUMBER(N70)),(N70-N69)/($C70-$C69),"") | V69: =IF(ISNUMBER(F69),ROUND(F69,0),"") -> 89 | W69: =IF(ISNUMBER(J69),ROUND(J69,0),"") -> 80 | X69: =IF(ISNUMBER(N69),ROUND(N69,0),"") -> 93 | Y69: =IF(AND($A69=$A70,V69=100,V70=100),"full access","") | Z69: =IF(AND($A69=$A70,W69=100,W70=100),"full access","") | AA69: =IF(AND($A69=$A70,X69=100,X70=100),"full access","") | AB69: =IF(AND(ISNUMBER(T69),ISNUMBER(U69)),T69-U69,"")
A70: Cambodia | B70: =IFERROR(INDEX('Region Lookup'!$B$2:$B$233,MATCH(A70,'Region Lookup'!$A$2:$A$233,0)),"Not found") -> East Asia & Pacific | C70: 2015 | D70: 15521.435 | E70: 22.188 | F70: 68.443849 | G70: 8.6032482 | H70: 9.6029948 | I70: 13.349908 | J70: 62.711117 | K70: 9.4320456 | L70: 11.750896 | M70: 16.105942 | N70: 88.548191 | O70: 5.6967035 | P70: 2.0704457 | Q70: 3.6846594 | R70: =IF($A70=$A71,$C71-$C70,"") -> 5 | S70: =IF(AND($A70=$A71,ISNUMBER(F70),ISNUMBER(F71)),(F71-F70)/($C71-$C70),"") -> 0.5552072 | T70: =IF(AND($A70=$A71,ISNUMBER(J70),ISNUMBER(J71)),(J71-J70)/($C71-$C70),"") -> 0.47120783 | U70: =IF(AND($A70=$A71,ISNUMBER(N70),ISNUMBER(N71)),(N71-N70)/($C71-$C70),"") -> 0.38197715 | V70: =IF(ISNUMBER(F70),ROUND(F70,0),"") -> 68 | W70: =IF(ISNUMBER(J70),ROUND(J70,0),"") -> 63 | X70: =IF(ISNUMBER(N70),ROUND(N70,0),"") -> 89 | Y70: =IF(AND($A70=$A71,V70=100,V71=100),"full access","") | Z70: =IF(AND($A70=$A71,W70=100,W71=100),"full access","") | AA70: =IF(AND($A70=$A71,X70=100,X71=100),"full access","") | AB70: =IF(AND(ISNUMBER(T70),ISNUMBER(U70)),T70-U70,"") -> 0.089230684
A71: Cambodia | B71: =IFERROR(INDEX('Region Lookup'!$B$2:$B$233,MATCH(A71,'Region Lookup'!$A$2:$A$233,0)),"Not found") -> East Asia & Pacific | C71: 2020 | D71: 16718.971 | E71: 24.232 | F71: 71.219885 | G71: 13.902222 | H71: 5.6772186 | I71: 9.2006744 | J71: 65.067156 | K71: 15.517723 | L71: 7.4928993 | M71: 11.922222 | N71: 90.458077 | O71: 8.8509147 | P71: 0 | Q71: 0.69100811 | R71: =IF($A71=$A72,$C72-$C71,"") | S71: =IF(AND($A71=$A72,ISNUMBER(F71),ISNUMBER(F72)),(F72-F71)/($C72-$C71),"") | T71: =IF(AND($A71=$A72,ISNUMBER(J71),ISNUMBER(J72)),(J72-J71)/($C72-$C71),"") | U71: =IF(AND($A71=$A72,ISNUMBER(N71),ISNUMBER(N72)),(N72-N71)/($C72-$C71),"") | V71: =IF(ISNUMBER(F71),ROUND(F71,0),"") -> 71 | W71: =IF(ISNUMBER(J71),ROUND(J71,0),"") -> 65 | X71: =IF(ISNUMBER(N71),ROUND(N71,0),"") -> 90 | Y71: =IF(AND($A71=$A72,V71=100,V72=100),"full access","") | Z71: =IF(AND($A71=$A72,W71=100,W72=100),"full access","") | AA71: =IF(AND($A71=$A72,X71=100,X72=100),"full access","") | AB71: =IF(AND(ISNUMBER(T71),ISNUMBER(U71)),T71-U71,"")
A72: Cameroon | B72: =IFERROR(INDEX('Region Lookup'!$B$2:$B$233,MATCH(A72,'Region Lookup'!$A$2:$A$233,0)),"Not found") -> Sub-Saharan Africa | C72: 2015 | D72: 23298.377 | E72: 54.577999 | F72: 63.97399 | G72: 11.238271 | H72: 17.651358 | I72: 7.136381 | J72: 42.005669 | K72: 11.073386 | L72: 32.394045 | M72: 14.5269 | N72: 82.256908 | O72: 11.375494 | P72: 5.3819035 | Q72: 0.9856948 | R72: =IF($A72=$A73,$C73-$C72,"") -> 5 | S72: =IF(AND($A72=$A73,ISNUMBER(F72),ISNUMBER(F73)),(F73-F72)/($C73-$C72),"") -> 0.34928561 | T72: =IF(AND($A72=$A73,ISNUMBER(J72),ISNUMBER(J73)),(J73-J72)/($C73-$C72),"") -> 0.30438238 | U72: =IF(AND($A72=$A73,ISNUMBER(N72),ISNUMBER(N73)),(N73-N72)/($C73-$C72),"") -> -0.03466461 | V72: =IF(ISNUMBER(F72),ROUND(F72,0),"") -> 64 | W72: =IF(ISNUMBER(J72),ROUND(J72,0),"") -> 42 | X72: =IF(ISNUMBER(N72),ROUND(N72,0),"") -> 82 | Y72: =IF(AND($A72=$A73,V72=100,V73=100),"full access","") | Z72: =IF(AND($A72=$A73,W72=100,W73=100),"full access","") | AA72: =IF(AND($A72=$A73,X72=100,X73=100),"full access","") | AB72: =IF(AND(ISNUMBER(T72),ISNUMBER(U72)),T72-U72,"") -> 0.33904699
A73: Cameroon | B73: =IFERROR(INDEX('Region Lookup'!$B$2:$B$233,MATCH(A73,'Region Lookup'!$A$2:$A$233,0)),"Not found") -> Sub-Saharan Africa | C73: 2020 | D73: 26545.863 | E73: 57.560005 | F73: 65.720418 | G73: 12.874749 | H73: 15.001006 | I73: 6.4038269 | J73: 43.527581 | K73: 12.672599 | L73: 30.123806 | M73: 13.676013 | N73: 82.083585 | O73: 13.023797 | P73: 3.8507014 | Q73: 1.041917 | R73: =IF($A73=$A74,$C74-$C73,"") | S73: =IF(AND($A73=$A74,ISNUMBER(F73),ISNUMBER(F74)),(F74-F73)/($C74-$C73),"") | T73: =IF(AND($A73=$A74,ISNUMBER(J73),ISNUMBER(J74)),(J74-J73)/($C74-$C73),"") | U73: =IF(AND($A73=$A74,ISNUMBER(N73),ISNUMBER(N74)),(N74-N73)/($C74-$C73),"") | V73: =IF(ISNUMBER(F73),ROUND(F73,0),"") -> 66 | W73: =IF(ISNUMBER(J73),ROUND(J73,0),"") -> 44 | X73: =IF(ISNUMBER(N73),ROUND(N73,0),"") -> 82 | Y73: =IF(AND($A73=$A74,V73=100,V74=100),"full access","") | Z73: =IF(AND($A73=$A74,W73=100,W74=100),"full access","") | AA73: =IF(AND($A73=$A74,X73=100,X74=100),"full access","") | AB73: =IF(AND(ISNUMBER(T73),ISNUMBER(U73)),T73-U73,"")
... A75: Canada | B75: =IFERROR(INDEX('Region Lookup'!$B$2:$B$233,MATCH(A75,'Region Lookup'!$A$2:$A$233,0)),"Not found") -> North America | C75: 2020 | D75: 37742.156 | E75: 81.562004 | F75: 99.221811 | G75: 0 | H75: 0.77818934 | I75: 0 | J75: 99.060496 | K75: 0 | L75: 0.9395041 | M75: 0 | N75: 99.258278 | O75: 0 | P75: 0.74172234 | Q75: 0 | R75: =IF($A75=$A76,$C76-$C75,"") | S75: =IF(AND($A75=$A76,ISNUMBER(F75),ISNUMBER(F76)),(F76-F75)/($C76-$C75),"") | T75: =IF(AND($A75=$A76,ISNUMBER(J75),ISNUMBER(J76)),(J76-J75)/($C76-$C75),"") | U75: =IF(AND($A75=$A76,ISNUMBER(N75),ISNUMBER(N76)),(N76-N75)/($C76-$C75),"") | V75: =IF(ISNUMBER(F75),ROUND(F75,0),"") -> 99 | W75: =IF(ISNUMBER(J75),ROUND(J75,0),"") -> 99 | X75: =IF(ISNUMBER(N75),ROUND(N75,0),"") -> 99 | Y75: =IF(AND($A75=$A76,V75=100,V76=100),"full access","") | Z75: =IF(AND($A75=$A76,W75=100,W76=100),"full access","") | AA75: =IF(AND($A75=$A76,X75=100,X76=100),"full access","") | AB75: =IF(AND(ISNUMBER(T75),ISNUMBER(U75)),T75-U75,"")
A76: Cayman Islands | B76: =IFERROR(INDEX('Region Lookup'!$B$2:$B$233,MATCH(A76,'Region Lookup'!$A$2:$A$233,0)),"Not found") -> Latin America & Caribbean | C76: 2015 | D76: 61.721001 | E76: 100 | F76: 96.125 | G76: 0 | H76: 3.875 | I76: 0 | N76: 96.125 | O76: 0 | P76: 3.875 | Q76: 0 | R76: =IF($A76=$A77,$C77-$C76,"") -> 1 | S76: =IF(AND($A76=$A77,ISNUMBER(F76),ISNUMBER(F77)),(F77-F76)/($C77-$C76),"") -> 0 | T76: =IF(AND($A76=$A77,ISNUMBER(J76),ISNUMBER(J77)),(J77-J76)/($C77-$C76),"") | U76: =IF(AND($A76=$A77,ISNUMBER(N76),ISNUMBER(N77)),(N77-N76)/($C77-$C76),"") -> 0 | V76: =IF(ISNUMBER(F76),ROUND(F76,0),"") -> 96 | W76: =IF(ISNUMBER(J76),ROUND(J76,0),"") | X76: =IF(ISNUMBER(N76),ROUND(N76,0),"") -> 96 | Y76: =IF(AND($A76=$A77,V76=100,V77=100),"full access","") | Z76: =IF(AND($A76=$A77,W76=100,W77=100),"full access","") | AA76: =IF(AND($A76=$A77,X76=100,X77=100),"full access","") | AB76: =IF(AND(ISNUMBER(T76),ISNUMBER(U76)),T76-U76,"")
A77: Cayman Islands | B77: =IFERROR(INDEX('Region Lookup'!$B$2:$B$233,MATCH(A77,'Region Lookup'!$A$2:$A$233,0)),"Not found") -> Latin America & Caribbean | C77: 2016 | D77: 62.563999 | E77: 100 | F77: 96.125 | G77: 0 | H77: 3.875 | I77: 0 | N77: 96.125 | O77: 0 | P77: 3.875 | Q77: 0 | R77: =IF($A77=$A78,$C78-$C77,"") | S77: =IF(AND($A77=$A78,ISNUMBER(F77),ISNUMBER(F78)),(F78-F77)/($C78-$C77),"") | T77: =IF(AND($A77=$A78,ISNUMBER(J77),ISNUMBER(J78)),(J78-J77)/($C78-$C77),"") | U77: =IF(AND($A77=$A78,ISNUMBER(N77),ISNUMBER(N78)),(N78-N77)/($C78-$C77),"") | V77: =IF(ISNUMBER(F77),ROUND(F77,0),"") -> 96 | W77: =IF(ISNUMBER(J77),ROUND(J77,0),"") | X77: =IF(ISNUMBER(N77),ROUND(N77,0),"") -> 96 | Y77: =IF(AND($A77=$A78,V77=100,V78=100),"full access","") | Z77: =IF(AND($A77=$A78,W77=100,W78=100),"full access","") | AA77: =IF(AND($A77=$A78,X77=100,X78=100),"full access","") | AB77: =IF(AND(ISNUMBER(T77),ISNUMBER(U77)),T77-U77,"")
A78: Central African Republic | B78: =IFERROR(INDEX('Region Lookup'!$B$2:$B$233,MATCH(A78,'Region Lookup'!$A$2:$A$233,0)),"Not found") -> Sub-Saharan Africa | C78: 2015 | D78: 4493.1709 | E78: 40.277 | F78: 42.311345 | G78: 21.343997 | H78: 32.010174 | I78: 4.3344833 | J78: 31.891408 | K78: 17.357854 | L78: 43.702609 | M78: 7.0481294 | N78: 57.762099 | O78: 27.254678 | P78: 14.672551 | Q78: 0.31067171 | R78: =IF($A78=$A79,$C79-$C78,"") -> 5 | S78: =IF(AND($A78=$A79,ISNUMBER(F78),ISNUMBER(F79)),(F79-F78)/($C79-$C78),"") -> -1.0217887 | T78: =IF(AND($A78=$A79,ISNUMBER(J78),ISNUMBER(J79)),(J79-J78)/($C79-$C78),"") -> -0.75696273 | U78: =IF(AND($A78=$A79,ISNUMBER(N78),ISNUMBER(N79)),(N79-N78)/($C79-$C78),"") -> -1.6200868 | V78: =IF(ISNUMBER(F78),ROUND(F78,0),"") -> 42 | W78: =IF(ISNUMBER(J78),ROUND(J78,0),"") -> 32 | X78: =IF(ISNUMBER(N78),ROUND(N78,0),"") -> 58 | Y78: =IF(AND($A78=$A79,V78=100,V79=100),"full access","") | Z78: =IF(AND($A78=$A79,W78=100,W79=100),"full access","") | AA78: =IF(AND($A78=$A79,X78=100,X79=100),"full access","") | AB78: =IF(AND(ISNUMBER(T78),ISNUMBER(U78)),T78-U78,"") -> 0.86312408
A79: Central African Republic | B79: =IFERROR(INDEX('Region Lookup'!$B$2:$B$233,MATCH(A79,'Region Lookup'!$A$2:$A$233,0)),"Not found") -> Sub-Saharan Africa | C79: 2020 | D79: 4829.7642 | E79: 42.197998 | F79: 37.202402 | G79: 25.682373 | H79: 33.539114 | I79: 3.5761107 | J79: 28.106594 | K79: 19.40589 | L79: 46.373073 | M79: 6.1144429 | N79: 49.661665 | O79: 34.27978 | P79: 15.959402 | Q79: 0.099152817 | R79: =IF($A79=$A80,$C80-$C79,"") | S79: =IF(AND($A79=$A80,ISNUMBER(F79),ISNUMBER(F80)),(F80-F79)/($C80-$C79),"") | T79: =IF(AND($A79=$A80,ISNUMBER(J79),ISNUMBER(J80)),(J80-J79)/($C80-$C79),"") | U79: =IF(AND($A79=$A80,ISNUMBER(N79),ISNUMBER(N80)),(N80-N79)/($C80-$C79),"") | V79: =IF(ISNUMBER(F79),ROUND(F79,0),"") -> 37 | W79: =IF(ISNUMBER(J79),ROUND(J79,0),"") -> 28 | X79: =IF(ISNUMBER(N79),ROUND(N79,0),"") -> 50 | Y79: =IF(AND($A79=$A80,V79=100,V80=100),"full access","") | Z79: =IF(AND($A79=$A80,W79=100,W80=100),"full access","") | AA79: =IF(AND($A79=$A80,X79=100,X80=100),"full access","") | AB79: =IF(AND(ISNUMBER(T79),ISNUMBER(U79)),T79-U79,"")
A80: Chad | B80: =IFERROR(INDEX('Region Lookup'!$B$2:$B$233,MATCH(A80,'Region Lookup'!$A$2:$A$233,0)),"Not found") -> Sub-Saharan Africa | C80: 2015 | D80: 14110.971 | E80: 22.515001 | F80: 44.399097 | G80: 13.516383 | H80: 34.70274 | I80: 7.38178 | J80: 35.578901 | K80: 13.876414 | L80: 41.266156 | M80: 9.2785288 | N80: 74.753652 | O80: 12.277342 | P80: 12.114856 | Q80: 0.85414997 | R80: =IF($A80=$A81,$C81-$C80,"") -> 5 | S80: =IF(AND($A80=$A81,ISNUMBER(F80),ISNUMBER(F81)),(F81-F80)/($C81-$C80),"") -> 0.35768756 | T80: =IF(AND($A80=$A81,ISNUMBER(J80),ISNUMBER(J81)),(J81-J80)/($C81-$C80),"") -> 0.3992629 | U80: =IF(AND($A80=$A81,ISNUMBER(N80),ISNUMBER(N81)),(N81-N80)/($C81-$C80),"") -> -0.11228574 | V80: =IF(ISNUMBER(F80),ROUND(F80,0),"") -> 44 | W80: =IF(ISNUMBER(J80),ROUND(J80,0),"") -> 36 | X80: =IF(ISNUMBER(N80),ROUND(N80,0),"") -> 75 | Y80: =IF(AND($A80=$A81,V80=100,V81=100),"full access","") | Z80: =IF(AND($A80=$A81,W80=100,W81=100),"full access","") | AA80: =IF(AND($A80=$A81,X80=100,X81=100),"full access","") | AB80: =IF(AND(ISNUMBER(T80),ISNUMBER(U80)),T80-U80,"") -> 0.51154864
A81: Chad | B81: =IFERROR(INDEX('Region Lookup'!$B$2:$B$233,MATCH(A81,'Region Lookup'!$A$2:$A$233,0)),"Not found") -> Sub-Saharan Africa | C81: 2020 | D81: 16425.859 | E81: 23.52 | F81: 46.187535 | G81: 14.740289 | H81: 31.562457 | I81: 7.5097188 | J81: 37.575215 | K81: 14.353961 | L81: 38.524968 | M81: 9.545856 | N81: 74.192223 | O81: 15.996514 | P81: 8.9224527 | Q81: 0.88881038 | R81: =IF($A81=$A82,$C82-$C81,"") | S81: =IF(AND($A81=$A82,ISNUMBER(F81),ISNUMBER(F82)),(F82-F81)/($C82-$C81),"") | T81: =IF(AND($A81=$A82,ISNUMBER(J81),ISNUMBER(J82)),(J82-J81)/($C82-$C81),"") | U81: =IF(AND($A81=$A82,ISNUMBER(N81),ISNUMBER(N82)),(N82-N81)/($C82-$C81),"") | V81: =IF(ISNUMBER(F81),ROUND(F81,0),"") -> 46 | W81: =IF(ISNUMBER(J81),ROUND(J81,0),"") -> 38 | X81: =IF(ISNUMBER(N81),ROUND(N81,0),"") -> 74 | Y81: =IF(AND($A81=$A82,V81=100,V82=100),"full access","") | Z81: =IF(AND($A81=$A82,W81=100,W82=100),"full access","") | AA81: =IF(AND($A81=$A82,X81=100,X82=100),"full access","") | AB81: =IF(AND(ISNUMBER(T81),ISNUMBER(U81)),T81-U81,"")
A82: Channel Islands | B82: =IFERROR(INDEX('Region Lookup'!$B$2:$B$233,MATCH(A82,'Region Lookup'!$A$2:$A$233,0)),"Not found") -> Europe & Central Asia | C82: 2015 | D82: 165.38699 | E82: 30.961998 | F82: 94.15 | G82: 0 | H82: 5.85 | I82: 0 | R82: =IF($A82=$A83,$C83-$C82,"") -> 2 | S82: =IF(AND($A82=$A83,ISNUMBER(F82),ISNUMBER(F83)),(F83-F82)/($C83-$C82),"") -> 0 | T82: =IF(AND($A82=$A83,ISNUMBER(J82),ISNUMBER(J83)),(J83-J82)/($C83-$C82),"") | U82: =IF(AND($A82=$A83,ISNUMBER(N82),ISNUMBER(N83)),(N83-N82)/($C83-$C82),"") | V82: =IF(ISNUMBER(F82),ROUND(F82,0),"") -> 94 | W82: =IF(ISNUMBER(J82),ROUND(J82,0),"") | X82: =IF(ISNUMBER(N82),ROUND(N82,0),"") | Y82: =IF(AND($A82=$A83,V82=100,V83=100),"full access","") | Z82: =IF(AND($A82=$A83,W82=100,W83=100),"full access","") | AA82: =IF(AND($A82=$A83,X82=100,X83=100),"full access","") | AB82: =IF(AND(ISNUMBER(T82),ISNUMBER(U82)),T82-U82,"")
A83: Channel Islands | B83: =IFERROR(INDEX('Region Lookup'!$B$2:$B$233,MATCH(A83,'Region Lookup'!$A$2:$A$233,0)),"Not found") -> Europe & Central Asia | C83: 2017 | D83: 168.666 | E83: 30.914 | F83: 94.15 | G83: 0 | H83: 5.85 | I83: 0 | R83: =IF($A83=$A84,$C84-$C83,"") | S83: =IF(AND($A83=$A84,ISNUMBER(F83),ISNUMBER(F84)),(F84-F83)/($C84-$C83),"") | T83: =IF(AND($A83=$A84,ISNUMBER(J83),ISNUMBER(J84)),(J84-J83)/($C84-$C83),"") | U83: =IF(AND($A83=$A84,ISNUMBER(N83),ISNUMBER(N84)),(N84-N83)/($C84-$C83),"") | V83: =IF(ISNUMBER(F83),ROUND(F83,0),"") -> 94 | W83: =IF(ISNUMBER(J83),ROUND(J83,0),"") | X83: =IF(ISNUMBER(N83),ROUND(N83,0),"") | Y83: =IF(AND($A83=$A84,V83=100,V84=100),"full access","") | Z83: =IF(AND($A83=$A84,W83=100,W84=100),"full access","") | AA83: =IF(AND($A83=$A84,X83=100,X84=100),"full access","") | AB83: =IF(AND(ISNUMBER(T83),ISNUMBER(U83)),T83-U83,"")
A84: Chile | B84: =IFERROR(INDEX('Region Lookup'!$B$2:$B$233,MATCH(A84,'Region Lookup'!$A$2:$A$233,0)),"Not found") -> Latin America & Caribbean | C84: 2015 | D84: 17969.355 | E84: 87.360001 | F84: 99.506493 | G84: 0 | H84: 0.49350728 | I84: 0 | J84: 97.067699 | K84: 0 | L84: 2.9323015 | M84: 0 | N84: 99.859357 | O84: 0 | P84: 0.14064302 | Q84: 0 | R84: =IF($A84=$A85,$C85-$C84,"") -> 5 | S84: =IF(AND($A84=$A85,ISNUMBER(F84),ISNUMBER(F85)),(F85-F84)/($C85-$C84),"") -> 0.0987012 | T84: =IF(AND($A84=$A85,ISNUMBER(J84),ISNUMBER(J85)),(J85-J84)/($C85-$C84),"") -> 0.5864603 | U84: =IF(AND($A84=$A85,ISNUMBER(N84),ISNUMBER(N85)),(N85-N84)/($C85-$C84),"") -> 0.028128604 | V84: =IF(ISNUMBER(F84),ROUND(F84,0),"") -> 100 | W84: =IF(ISNUMBER(J84),ROUND(J84,0),"") -> 97 | X84: =IF(ISNUMBER(N84),ROUND(N84,0),"") -> 100 | Y84: =IF(AND($A84=$A85,V84=100,V85=100),"full access","") -> full access | Z84: =IF(AND($A84=$A85,W84=100,W85=100),"full access","") | AA84: =IF(AND($A84=$A85,X84=100,X85=100),"full access","") -> full access | AB84: =IF(AND(ISNUMBER(T84),ISNUMBER(U84)),T84-U84,"") -> 0.5583317
A85: Chile | B85: =IFERROR(INDEX('Region Lookup'!$B$2:$B$233,MATCH(A85,'Region Lookup'!$A$2:$A$233,0)),"Not found") -> Latin America & Caribbean | C85: 2020 | D85: 19116.209 | E85: 87.726997 | F85: 99.999999 | G85: 0 | H85: 1.2771393e-06 | I85: 0 | J85: 100 | K85: 0 | L85: 0 | M85: 0 | N85: 100 | O85: 0 | P85: 0 | Q85: 0 | R85: =IF($A85=$A86,$C86-$C85,"") | S85: =IF(AND($A85=$A86,ISNUMBER(F85),ISNUMBER(F86)),(F86-F85)/($C86-$C85),"") | T85: =IF(AND($A85=$A86,ISNUMBER(J85),ISNUMBER(J86)),(J86-J85)/($C86-$C85),"") | U85: =IF(AND($A85=$A86,ISNUMBER(N85),ISNUMBER(N86)),(N86-N85)/($C86-$C85),"") | V85: =IF(ISNUMBER(F85),ROUND(F85,0),"") -> 100 | W85: =IF(ISNUMBER(J85),ROUND(J85,0),"") -> 100 | X85: =IF(ISNUMBER(N85),ROUND(N85,0),"") -> 100 | Y85: =IF(AND($A85=$A86,V85=100,V86=100),"full access","") | Z85: =IF(AND($A85=$A86,W85=100,W86=100),"full access","") | AA85: =IF(AND($A85=$A86,X85=100,X86=100),"full access","") | AB85: =IF(AND(ISNUMBER(T85),ISNUMBER(U85)),T85-U85,"")
A86: China | B86: =IFERROR(INDEX('Region Lookup'!$B$2:$B$233,MATCH(A86,'Region Lookup'!$A$2:$A$233,0)),"Not found") -> East Asia & Pacific | C86: 2015 | D86: 1430405.4 | E86: 55.852707 | F86: 91.762641 | G86: 0.81876266 | H86: 6.7820774 | I86: 0.6365187 | J86: 84.479188 | K86: 1.5118631 | L86: 12.952949 | M86: 1.056 | N86: 97.519654 | O86: 0.2709198 | P86: 1.9044754 | Q86: 0.30495082 | R86: =IF($A86=$A87,$C87-$C86,"") -> 5 | S86: =IF(AND($A86=$A87,ISNUMBER(F86),ISNUMBER(F87)),(F87-F86)/($C87-$C86),"") -> 0.49969387 | T86: =IF(AND($A86=$A87,ISNUMBER(J86),ISNUMBER(J87)),(J87-J86)/($C87-$C86),"") -> 1.0364091 | U86: =IF(AND($A86=$A87,ISNUMBER(N86),ISNUMBER(N87)),(N87-N86)/($C87-$C86),"") -> -0.08095426 | V86: =IF(ISNUMBER(F86),ROUND(F86,0),"") -> 92 | W86: =IF(ISNUMBER(J86),ROUND(J86,0),"") -> 84 | X86: =IF(ISNUMBER(N86),ROUND(N86,0),"") -> 98 | Y86: =IF(AND($A86=$A87,V86=100,V87=100),"full access","") | Z86: =IF(AND($A86=$A87,W86=100,W87=100),"full access","") | AA86: =IF(AND($A86=$A87,X86=100,X87=100),"full access","") | AB86: =IF(AND(ISNUMBER(T86),ISNUMBER(U86)),T86-U86,"") -> 1.1173634
A87: China | B87: =IFERROR(INDEX('Region Lookup'!$B$2:$B$233,MATCH(A87,'Region Lookup'!$A$2:$A$233,0)),"Not found") -> East Asia & Pacific | C87: 2020 | D87: 1463140.5 | E87: 61.713089 | F87: 94.261111 | G87: 0.81472133 | H87: 4.7254519 | I87: 0.19871614 | J87: 89.661234 | K87: 1.8326791 | L87: 8.5060874 | M87: 0 | N87: 97.114883 | O87: 0.18317849 | P87: 2.3799388 | Q87: 0.322 | R87: =IF($A87=$A88,$C88-$C87,"") | S87: =IF(AND($A87=$A88,ISNUMBER(F87),ISNUMBER(F88)),(F88-F87)/($C88-$C87),"") | T87: =IF(AND($A87=$A88,ISNUMBER(J87),ISNUMBER(J88)),(J88-J87)/($C88-$C87),"") | U87: =IF(AND($A87=$A88,ISNUMBER(N87),ISNUMBER(N88)),(N88-N87)/($C88-$C87),"") | V87: =IF(ISNUMBER(F87),ROUND(F87,0),"") -> 94 | W87: =IF(ISNUMBER(J87),ROUND(J87,0),"") -> 90 | X87: =IF(ISNUMBER(N87),ROUND(N87,0),"") -> 97 | Y87: =IF(AND($A87=$A88,V87=100,V88=100),"full access","") | Z87: =IF(AND($A87=$A88,W87=100,W88=100),"full access","") | AA87: =IF(AND($A87=$A88,X87=100,X88=100),"full access","") | AB87: =IF(AND(ISNUMBER(T87),ISNUMBER(U87)),T87-U87,"")
A88: China, Hong Kong SAR | B88: =IFERROR(INDEX('Region Lookup'!$B$2:$B$233,MATCH(A88,'Region Lookup'!$A$2:$A$233,0)),"Not found") -> East Asia & Pacific | C88: 2015 | D88: 7185.9922 | E88: 100 | F88: 100 | G88: 0 | H88: 0 | I88: 0 | N88: 100 | O88: 0 | P88: 0 | Q88: 0 | R88: =IF($A88=$A89,$C89-$C88,"") -> 5 | S88: =IF(AND($A88=$A89,ISNUMBER(F88),ISNUMBER(F89)),(F89-F88)/($C89-$C88),"") -> 0 | T88: =IF(AND($A88=$A89,ISNUMBER(J88),ISNUMBER(J89)),(J89-J88)/($C89-$C88),"") | U88: =IF(AND($A88=$A89,ISNUMBER(N88),ISNUMBER(N89)),(N89-N88)/($C89-$C88),"") -> 0 | V88: =IF(ISNUMBER(F88),ROUND(F88,0),"") -> 100 | W88: =IF(ISNUMBER(J88),ROUND(J88,0),"") | X88: =IF(ISNUMBER(N88),ROUND(N88,0),"") -> 100 | Y88: =IF(AND($A88=$A89,V88=100,V89=100),"full access","") -> full access | Z88: =IF(AND($A88=$A89,W88=100,W89=100),"full access","") | AA88: =IF(AND($A88=$A89,X88=100,X89=100),"full access","") -> full access | AB88: =IF(AND(ISNUMBER(T88),ISNUMBER(U88)),T88-U88,"")
A89: China, Hong Kong SAR | B89: =IFERROR(INDEX('Region Lookup'!$B$2:$B$233,MATCH(A89,'Region Lookup'!$A$2:$A$233,0)),"Not found") -> East Asia & Pacific | C89: 2020 | D89: 7496.9878 | E89: 100 | F89: 100 | G89: 0 | H89: 0 | I89: 0 | N89: 100 | O89: 0 | P89: 0 | Q89: 0 | R89: =IF($A89=$A90,$C90-$C89,"") | S89: =IF(AND($A89=$A90,ISNUMBER(F89),ISNUMBER(F90)),(F90-F89)/($C90-$C89),"") | T89: =IF(AND($A89=$A90,ISNUMBER(J89),ISNUMBER(J90)),(J90-J89)/($C90-$C89),"") | U89: =IF(AND($A89=$A90,ISNUMBER(N89),ISNUMBER(N90)),(N90-N89)/($C90-$C89),"") | V89: =IF(ISNUMBER(F89),ROUND(F89,0),"") -> 100 | W89: =IF(ISNUMBER(J89),ROUND(J89,0),"") | X89: =IF(ISNUMBER(N89),ROUND(N89,0),"") -> 100 | Y89: =IF(AND($A89=$A90,V89=100,V90=100),"full access","") | Z89: =IF(AND($A89=$A90,W89=100,W90=100),"full access","") | AA89: =IF(AND($A89=$A90,X89=100,X90=100),"full access","") | AB89: =IF(AND(ISNUMBER(T89),ISNUMBER(U89)),T89-U89,"")
A90: China, Macao SAR | B90: =IFERROR(INDEX('Region Lookup'!$B$2:$B$233,MATCH(A90,'Region Lookup'!$A$2:$A$233,0)),"Not found") -> East Asia & Pacific | C90: 2015 | D90: 602.09302 | E90: 100 | F90: 100 | G90: 0 | H90: 0 | I90: 0 | N90: 100 | O90: 0 | P90: 0 | Q90: 0 | R90: =IF($A90=$A91,$C91-$C90,"") -> 5 | S90: =IF(AND($A90=$A91,ISNUMBER(F90),ISNUMBER(F91)),(F91-F90)/($C91-$C90),"") -> 0 | T90: =IF(AND($A90=$A91,ISNUMBER(J90),ISNUMBER(J91)),(J91-J90)/($C91-$C90),"") | U90: =IF(AND($A90=$A91,ISNUMBER(N90),ISNUMBER(N91)),(N91-N90)/($C91-$C90),"") -> 0 | V90: =IF(ISNUMBER(F90),ROUND(F90,0),"") -> 100 | W90: =IF(ISNUMBER(J90),ROUND(J90,0),"") | X90: =IF(ISNUMBER(N90),ROUND(N90,0),"") -> 100 | Y90: =IF(AND($A90=$A91,V90=100,V91=100),"full access","") -> full access | Z90: =IF(AND($A90=$A91,W90=100,W91=100),"full access","") | AA90: =IF(AND($A90=$A91,X90=100,X91=100),"full access","") -> full access | AB90: =IF(AND(ISNUMBER(T90),ISNUMBER(U90)),T90-U90,"")
A91: China, Macao SAR | B91: =IFERROR(INDEX('Region Lookup'!$B$2:$B$233,MATCH(A91,'Region Lookup'!$A$2:$A$233,0)),"Not found") -> East Asia & Pacific | C91: 2020 | D91: 649.34198 | E91: 100 | F91: 100 | G91: 0 | H91: 0 | I91: 0 | N91: 100 | O91: 0 | P91: 0 | Q91: 0 | R91: =IF($A91=$A92,$C92-$C91,"") | S91: =IF(AND($A91=$A92,ISNUMBER(F91),ISNUMBER(F92)),(F92-F91)/($C92-$C91),"") | T91: =IF(AND($A91=$A92,ISNUMBER(J91),ISNUMBER(J92)),(J92-J91)/($C92-$C91),"") | U91: =IF(AND($A91=$A92,ISNUMBER(N91),ISNUMBER(N92)),(N92-N91)/($C92-$C91),"") | V91: =IF(ISNUMBER(F91),ROUND(F91,0),"") -> 100 | W91: =IF(ISNUMBER(J91),ROUND(J91,0),"") | X91: =IF(ISNUMBER(N91),ROUND(N91,0),"") -> 100 | Y91: =IF(AND($A91=$A92,V91=100,V92=100),"full access","") | Z91: =IF(AND($A91=$A92,W91=100,W92=100),"full access","") | AA91: =IF(AND($A91=$A92,X91=100,X92=100),"full access","") | AB91: =IF(AND(ISNUMBER(T91),ISNUMBER(U91)),T91-U91,"")
A92: Colombia | B92: =IFERROR(INDEX('Region Lookup'!$B$2:$B$233,MATCH(A92,'Region Lookup'!$A$2:$A$233,0)),"Not found") -> Latin America & Caribbean | C92: 2015 | D92: 47520.668 | E92: 79.764 | F92: 96.335868 | G92: 0.18405199 | H92: 1.7034451 | I92: 1.7766348 | J92: 83.273726 | K92: 0.68766563 | L92: 7.2590324 | M92: 8.7795762 | N92: 99.649712 | O92: 0.05628603 | P92: 0.2940016 | Q92: 0 | R92: =IF($A92=$A93,$C93-$C92,"") -> 5 | S92: =IF(AND($A92=$A93,ISNUMBER(F92),ISNUMBER(F93)),(F93-F92)/($C93-$C92),"") -> 0.2311578 | T92: =IF(AND($A92=$A93,ISNUMBER(J92),ISNUMBER(J93)),(J93-J92)/($C93-$C92),"") -> 0.69866939 | U92: =IF(AND($A92=$A93,ISNUMBER(N92),ISNUMBER(N93)),(N93-N92)/($C93-$C92),"") -> 0.057696086 | V92: =IF(ISNUMBER(F92),ROUND(F92,0),"") -> 96 | W92: =IF(ISNUMBER(J92),ROUND(J92,0),"") -> 83 | X92: =IF(ISNUMBER(N92),ROUND(N92,0),"") -> 100 | Y92: =IF(AND($A92=$A93,V92=100,V93=100),"full access","") | Z92: =IF(AND($A92=$A93,W92=100,W93=100),"full access","") | AA92: =IF(AND($A92=$A93,X92=100,X93=100),"full access","") -> full access | AB92: =IF(AND(ISNUMBER(T92),ISNUMBER(U92)),T92-U92,"") -> 0.64097331
A93: Colombia | B93: =IFERROR(INDEX('Region Lookup'!$B$2:$B$233,MATCH(A93,'Region Lookup'!$A$2:$A$233,0)),"Not found") -> Latin America & Caribbean | C93: 2020 | D93: 50882.883 | E93: 81.424995 | F93: 97.491657 | G93: 0.18615216 | H93: 0.95361622 | I93: 1.3685745 | J93: 86.767073 | K93: 0.7312282 | L93: 5.133869 | M93: 7.36783 | N93: 99.938193 | O93: 0.0618072 | P93: 0 | Q93: 0 | R93: =IF($A93=$A94,$C94-$C93,"") | S93: =IF(AND($A93=$A94,ISNUMBER(F93),ISNUMBER(F94)),(F94-F93)/($C94-$C93),"") | T93: =IF(AND($A93=$A94,ISNUMBER(J93),ISNUMBER(J94)),(J94-J93)/($C94-$C93),"") | U93: =IF(AND($A93=$A94,ISNUMBER(N93),ISNUMBER(N94)),(N94-N93)/($C94-$C93),"") | V93: =IF(ISNUMBER(F93),ROUND(F93,0),"") -> 97 | W93: =IF(ISNUMBER(J93),ROUND(J93,0),"") -> 87 | X93: =IF(ISNUMBER(N93),ROUND(N93,0),"") -> 100 | Y93: =IF(AND($A93=$A94,V93=100,V94=100),"full access","") | Z93: =IF(AND($A93=$A94,W93=100,W94=100),"full access","") | AA93: =IF(AND($A93=$A94,X93=100,X94=100),"full access","") | AB93: =IF(AND(ISNUMBER(T93),ISNUMBER(U93)),T93-U93,"")
A94: Comoros | B94: =IFERROR(INDEX('Region Lookup'!$B$2:$B$233,MATCH(A94,'Region Lookup'!$A$2:$A$233,0)),"Not found") -> Sub-Saharan Africa | C94: 2015 | D94: 777.435 | E94: 28.470001 | F94: 80.132 | G94: 10.877265 | H94: 8.3951934 | I94: 0.59554149 | J94: 76.911723 | K94: 11.568647 | L94: 10.822454 | M94: 0.69717486 | N94: 88.222846 | O94: 9.1401885 | P94: 2.2967751 | Q94: 0.3401908 | R94: =IF($A94=$A95,$C95-$C94,"") -> 4 | S94: =IF(AND($A94=$A95,ISNUMBER(F94),ISNUMBER(F95)),(F95-F94)/($C95-$C94),"") -> 0.019624433 | T94: =IF(AND($A94=$A95,ISNUMBER(J94),ISNUMBER(J95)),(J95-J94)/($C95-$C94),"") -> 0 | U94: =IF(AND($A94=$A95,ISNUMBER(N94),ISNUMBER(N95)),(N95-N94)/($C95-$C94),"") -> 0 | V94: =IF(ISNUMBER(F94),ROUND(F94,0),"") -> 80 | W94: =IF(ISNUMBER(J94),ROUND(J94,0),"") -> 77 | X94: =IF(ISNUMBER(N94),ROUND(N94,0),"") -> 88 | Y94: =IF(AND($A94=$A95,V94=100,V95=100),"full access","") | Z94: =IF(AND($A94=$A95,W94=100,W95=100),"full access","") | AA94: =IF(AND($A94=$A95,X94=100,X95=100),"full access","") | AB94: =IF(AND(ISNUMBER(T94),ISNUMBER(U94)),T94-U94,"") -> 0
A95: Comoros | B95: =IFERROR(INDEX('Region Lookup'!$B$2:$B$233,MATCH(A95,'Region Lookup'!$A$2:$A$233,0)),"Not found") -> Sub-Saharan Africa | C95: 2019 | D95: 850.89099 | E95: 29.164001 | F95: 80.210498 | G95: 10.860411 | H95: 8.9290909 | J95: 76.911723 | K95: 11.568647 | L95: 11.519629 | N95: 88.222846 | O95: 9.1401885 | P95: 2.2967751 | Q95: 0.3401908 | R95: =IF($A95=$A96,$C96-$C95,"") | S95: =IF(AND($A95=$A96,ISNUMBER(F95),ISNUMBER(F96)),(F96-F95)/($C96-$C95),"") | T95: =IF(AND($A95=$A96,ISNUMBER(J95),ISNUMBER(J96)),(J96-J95)/($C96-$C95),"") | U95: =IF(AND($A95=$A96,ISNUMBER(N95),ISNUMBER(N96)),(N96-N95)/($C96-$C95),"") | V95: =IF(ISNUMBER(F95),ROUND(F95,0),"") -> 80 | W95: =IF(ISNUMBER(J95),ROUND(J95,0),"") -> 77 | X95: =IF(ISNUMBER(N95),ROUND(N95,0),"") -> 88 | Y95: =IF(AND($A95=$A96,V95=100,V96=100),"full access","") | Z95: =IF(AND($A95=$A96,W95=100,W96=100),"full access","") | AA95: =IF(AND($A95=$A96,X95=100,X96=100),"full access","") | AB95: =IF(AND(ISNUMBER(T95),ISNUMBER(U95)),T95-U95,"")
A96: Congo | B96: =IFERROR(INDEX('Region Lookup'!$B$2:$B$233,MATCH(A96,'Region Lookup'!$A$2:$A$233,0)),"Not found") -> Sub-Saharan Africa | C96: 2015 | D96: 4856.0928 | E96: 65.542999 | F96: 71.149582 | G96: 10.510526 | H96: 11.662046 | I96: 6.6778459 | J96: 41.391836 | K96: 10.739573 | L96: 28.501849 | M96: 19.366743 | N96: 86.793705 | O96: 10.390113 | P96: 2.8090907 | Q96: 0.0070910959 | R96: =IF($A96=$A97,$C97-$C96,"") -> 5 | S96: =IF(AND($A96=$A97,ISNUMBER(F96),ISNUMBER(F97)),(F97-F96)/($C97-$C96),"") -> 0.52698596 | T96: =IF(AND($A96=$A97,ISNUMBER(J96),ISNUMBER(J97)),(J97-J96)/($C97-$C96),"") -> 0.86651545 | U96: =IF(AND($A96=$A97,ISNUMBER(N96),ISNUMBER(N97)),(N97-N96)/($C97-$C96),"") -> 0.0599182 | V96: =IF(ISNUMBER(F96),ROUND(F96,0),"") -> 71 | W96: =IF(ISNUMBER(J96),ROUND(J96,0),"") -> 41 | X96: =IF(ISNUMBER(N96),ROUND(N96,0),"") -> 87 | Y96: =IF(AND($A96=$A97,V96=100,V97=100),"full access","") | Z96: =IF(AND($A96=$A97,W96=100,W97=100),"full access","") | AA96: =IF(AND($A96=$A97,X96=100,X97=100),"full access","") | AB96: =IF(AND(ISNUMBER(T96),ISNUMBER(U96)),T96-U96,"") -> 0.80659725
A97: Congo | B97: =IFERROR(INDEX('Region Lookup'!$B$2:$B$233,MATCH(A97,'Region Lookup'!$A$2:$A$233,0)),"Not found") -> Sub-Saharan Africa | C97: 2020 | D97: 5518.0918 | E97: 67.829002 | F97: 73.784512 | G97: 10.461172 | H97: 9.5591807 | I97: 6.1951357 | J97: 45.724413 | K97: 10.63239 | L97: 24.40517 | M97: 19.238027 | N97: 87.093296 | O97: 10.379964 | P97: 2.51779 | Q97: 0.0089494521 | R97: =IF($A97=$A98,$C98-$C97,"") | S97: =IF(AND($A97=$A98,ISNUMBER(F97),ISNUMBER(F98)),(F98-F97)/($C98-$C97),"") | T97: =IF(AND($A97=$A98,ISNUMBER(J97),ISNUMBER(J98)),(J98-J97)/($C98-$C97),"") | U97: =IF(AND($A97=$A98,ISNUMBER(N97),ISNUMBER(N98)),(N98-N97)/($C98-$C97),"") | V97: =IF(ISNUMBER(F97),ROUND(F97,0),"") -> 74 | W97: =IF(ISNUMBER(J97),ROUND(J97,0),"") -> 46 | X97: =IF(ISNUMBER(N97),ROUND(N97,0),"") -> 87 | Y97: =IF(AND($A97=$A98,V97=100,V98=100),"full access","") | Z97: =IF(AND($A97=$A98,W97=100,W98=100),"full access","") | AA97: =IF(AND($A97=$A98,X97=100,X98=100),"full access","") | AB97: =IF(AND(ISNUMBER(T97),ISNUMBER(U97)),T97-U97,"")
A98: Cook Islands | B98: =IFERROR(INDEX('Region Lookup'!$B$2:$B$233,MATCH(A98,'Region Lookup'!$A$2:$A$233,0)),"Not found") -> East Asia & Pacific | C98: 2015 | D98: 17.580999 | E98: 74.403999 | F98: 99.953671 | G98: 0 | H98: 0.046328976 | I98: 0 | R98: =IF($A98=$A99,$C99-$C98,"") -> 5 | S98: =IF(AND($A98=$A99,ISNUMBER(F98),ISNUMBER(F99)),(F99-F98)/($C99-$C98),"") -> 0.00358784 | T98: =IF(AND($A98=$A99,ISNUMBER(J98),ISNUMBER(J99)),(J99-J98)/($C99-$C98),"") | U98: =IF(AND($A98=$A99,ISNUMBER(N98),ISNUMBER(N99)),(N99-N98)/($C99-$C98),"") | V98: =IF(ISNUMBER(F98),ROUND(F98,0),"") -> 100 | W98: =IF(ISNUMBER(J98),ROUND(J98,0),"") | X98: =IF(ISNUMBER(N98),ROUND(N98,0),"") | Y98: =IF(AND($A98=$A99,V98=100,V99=100),"full access","") -> full access | Z98: =IF(AND($A98=$A99,W98=100,W99=100),"full access","") | AA98: =IF(AND($A98=$A99,X98=100,X99=100),"full access","") | AB98: =IF(AND(ISNUMBER(T98),ISNUMBER(U98)),T98-U98,"")
A99: Cook Islands | B99: =IFERROR(INDEX('Region Lookup'!$B$2:$B$233,MATCH(A99,'Region Lookup'!$A$2:$A$233,0)),"Not found") -> East Asia & Pacific | C99: 2020 | D99: 17.563999 | E99: 75.495003 | F99: 99.97161 | G99: 0 | H99: 0.028389783 | I99: 0 | R99: =IF($A99=$A100,$C100-$C99,"") | S99: =IF(AND($A99=$A100,ISNUMBER(F99),ISNUMBER(F100)),(F100-F99)/($C100-$C99),"") | T99: =IF(AND($A99=$A100,ISNUMBER(J99),ISNUMBER(J100)),(J100-J99)/($C100-$C99),"") | U99: =IF(AND($A99=$A100,ISNUMBER(N99),ISNUMBER(N100)),(N100-N99)/($C100-$C99),"") | V99: =IF(ISNUMBER(F99),ROUND(F99,0),"") -> 100 | W99: =IF(ISNUMBER(J99),ROUND(J99,0),"") | X99: =IF(ISNUMBER(N99),ROUND(N99,0),"") | Y99: =IF(AND($A99=$A100,V99=100,V100=100),"full access","") | Z99: =IF(AND($A99=$A100,W99=100,W100=100),"full access","") | AA99: =IF(AND($A99=$A100,X99=100,X100=100),"full access","") | AB99: =IF(AND(ISNUMBER(T99),ISNUMBER(U99)),T99-U99,"")
A100: Costa Rica | B100: =IFERROR(INDEX('Region Lookup'!$B$2:$B$233,MATCH(A100,'Region Lookup'!$A$2:$A$233,0)),"Not found") -> Latin America & Caribbean | C100: 2015 | D100: 4847.8052 | E100: 76.862 | F100: 99.378687 | G100: 0.25413038 | H100: 0.21133502 | I100: 0.15584778 | J100: 98.186032 | K100: 0.41006115 | L100: 0.73034858 | M100: 0.67355778 | N100: 99.737715 | O100: 0.20719007 | P100: 0.055094818 | Q100: 0 | R100: =IF($A100=$A101,$C101-$C100,"") -> 5 | S100: =IF(AND($A100=$A101,ISNUMBER(F100),ISNUMBER(F101)),(F101-F100)/($C101-$C100),"") -> 0.086370022 | T100: =IF(AND($A100=$A101,ISNUMBER(J100),ISNUMBER(J101)),(J101-J100)/($C101-$C100),"") -> 0.2920435 | U100: =IF(AND($A100=$A101,ISNUMBER(N100),ISNUMBER(N101)),(N101-N100)/($C101-$C100),"") -> 0.02238755 | V100: =IF(ISNUMBER(F100),ROUND(F100,0),"") -> 99 | W100: =IF(ISNUMBER(J100),ROUND(J100,0),"") -> 98 | X100: =IF(ISNUMBER(N100),ROUND(N100,0),"") -> 100 | Y100: =IF(AND($A100=$A101,V100=100,V101=100),"full access","") | Z100: =IF(AND($A100=$A101,W100=100,W101=100),"full access","") | AA100: =IF(AND($A100=$A101,X100=100,X101=100),"full access","") -> full access | AB100: =IF(AND(ISNUMBER(T100),ISNUMBER(U100)),T100-U100,"") -> 0.26965595
A101: Costa Rica | B101: =IFERROR(INDEX('Region Lookup'!$B$2:$B$233,MATCH(A101,'Region Lookup'!$A$2:$A$233,0)),"Not found") -> Latin America & Caribbean | C101: 2020 | D101: 5094.1138 | E101: 80.770996 | F101: 99.810537 | G101: 0.18945947 | H101: 3.5944519e-06 | I101: 0 | J101: 99.64625 | K101: 0.35375 | L101: 0 | M101: 0 | N101: 99.849653 | O101: 0.15034714 | P101: 0 | Q101: 0 | R101: =IF($A101=$A102,$C102-$C101,"") | S101: =IF(AND($A101=$A102,ISNUMBER(F101),ISNUMBER(F102)),(F102-F101)/($C102-$C101),"") | T101: =IF(AND($A101=$A102,ISNUMBER(J101),ISNUMBER(J102)),(J102-J101)/($C102-$C101),"") | U101: =IF(AND($A101=$A102,ISNUMBER(N101),ISNUMBER(N102)),(N102-N101)/($C102-$C101),"") | V101: =IF(ISNUMBER(F101),ROUND(F101,0),"") -> 100 | W101: =IF(ISNUMBER(J101),ROUND(J101,0),"") -> 100 | X101: =IF(ISNUMBER(N101),ROUND(N101,0),"") -> 100 | Y101: =IF(AND($A101=$A102,V101=100,V102=100),"full access","") | Z101: =IF(AND($A101=$A102,W101=100,W102=100),"full access","") | AA101: =IF(AND($A101=$A102,X101=100,X102=100),"full access","") | AB101: =IF(AND(ISNUMBER(T101),ISNUMBER(U101)),T101-U101,"")
...

Sheet Summary
A1: Global 2000–2020 Report
A2: Annual Rate of Change (ARC) = yearly change in access to basic water, in percentage points.
A4: 1. Years covered | D4: Year | E4: Records
A5: Countries | B5: =COUNT(Data!$R$2:$R$463) -> 231 | D5: 2015 | E5: =COUNTIF(Data!$C$2:$C$463,2015) -> 231
A6: First year | B6: =MIN(Data!$C$2:$C$463) -> 2015 | D6: 2016 | E6: =COUNTIF(Data!$C$2:$C$463,2016) -> 3
A7: Last year | B7: =MAX(Data!$C$2:$C$463) -> 2020 | D7: 2017 | E7: =COUNTIF(Data!$C$2:$C$463,2017) -> 9
A8: Average gap between records (years) | B8: =ROUND(AVERAGE(Data!$R$2:$R$463),2) -> 4.8 | D8: 2018 | E8: =COUNTIF(Data!$C$2:$C$463,2018) -> 2
A9: Median gap (years) | B9: =MEDIAN(Data!$R$2:$R$463) -> 5 | D9: 2019 | E9: =COUNTIF(Data!$C$2:$C$463,2019) -> 4
A10: Shortest gap (years) | B10: =MIN(Data!$R$2:$R$463) -> 1 | D10: 2020 | E10: =COUNTIF(Data!$C$2:$C$463,2020) -> 213
A11: Longest gap (years) | B11: =MAX(Data!$R$2:$R$463) -> 5
A18: 2. Annual Rates of Change (percentage points per year)
A19: Area | B19: Countries with ARC | C19: No ARC value | D19: Mean | E19: Median | F19: Min | G19: Max
A20: National | B20: =COUNT(Data!$S$2:$S$463) -> 229 | C20: =SUMPRODUCT(ISNUMBER(Data!$R$2:$R$463)*NOT(ISNUMBER(Data!$S$2:$S$463))) -> 2 | D20: =AVERAGE(Data!$S$2:$S$463) -> 0.27699608 | E20: =MEDIAN(Data!$S$2:$S$463) -> 0.07858998 | F20: =MIN(Data!$S$2:$S$463) -> -1.0217887 | G20: =MAX(Data!$S$2:$S$463) -> 2.7503265
A21: Rural | B21: =COUNT(Data!$T$2:$T$463) -> 167 | C21: =SUMPRODUCT(ISNUMBER(Data!$R$2:$R$463)*NOT(ISNUMBER(Data!$T$2:$T$463))) -> 64 | D21: =AVERAGE(Data!$T$2:$T$463) -> 0.48445493 | E21: =MEDIAN(Data!$T$2:$T$463) -> 0.2897808 | F21: =MIN(Data!$T$2:$T$463) -> -1.227381 | G21: =MAX(Data!$T$2:$T$463) -> 2.6678826
A22: Urban | B22: =COUNT(Data!$U$2:$U$463) -> 181 | C22: =SUMPRODUCT(ISNUMBER(Data!$R$2:$R$463)*NOT(ISNUMBER(Data!$U$2:$U$463))) -> 50 | D22: =AVERAGE(Data!$U$2:$U$463) -> 0.15446264 | E22: =MEDIAN(Data!$U$2:$U$463) -> 0.03014517 | F22: =MIN(Data!$U$2:$U$463) -> -1.6200868 | G22: =MAX(Data!$U$2:$U$463) -> 2.6682119
A25: 3. Change in access by area (number of countries)
A26: Area | B26: No ARC value | C26: Full access (both years) | D26: No change (ARC = 0) | E26: Decrease (ARC < 0) | F26: Increase (ARC > 0) | G26: Total | H26: Check
A27: National | B27: =C20 -> 2 | C27: =COUNTIF(Data!$Y$2:$Y$463,"full access") -> 62 | D27: =COUNTIFS(Data!$S$2:$S$463,0,Data!$Y$2:$Y$463,"<>full access") -> 16 | E27: =COUNTIFS(Data!$S$2:$S$463,"<0",Data!$Y$2:$Y$463,"<>full access") -> 16 | F27: =COUNTIFS(Data!$S$2:$S$463,">0",Data!$Y$2:$Y$463,"<>full access") -> 135 | G27: =SUM(B27:F27) -> 231 | H27: =IF(G27=$B$5,"OK","Mismatch") -> OK
A28: Rural | B28: =C21 -> 64 | C28: =COUNTIF(Data!$Z$2:$Z$463,"full access") -> 29 | D28: =COUNTIFS(Data!$T$2:$T$463,0,Data!$Z$2:$Z$463,"<>full access") -> 5 | E28: =COUNTIFS(Data!$T$2:$T$463,"<0",Data!$Z$2:$Z$463,"<>full access") -> 17 | F28: =COUNTIFS(Data!$T$2:$T$463,">0",Data!$Z$2:$Z$463,"<>full access") -> 116 | G28: =SUM(B28:F28) -> 231 | H28: =IF(G28=$B$5,"OK","Mismatch") -> OK
A29: Urban | B29: =C22 -> 50 | C29: =COUNTIF(Data!$AA$2:$AA$463,"full access") -> 55 | D29: =COUNTIFS(Data!$U$2:$U$463,0,Data!$AA$2:$AA$463,"<>full access") -> 7 | E29: =COUNTIFS(Data!$U$2:$U$463,"<0",Data!$AA$2:$AA$463,"<>full access") -> 26 | F29: =COUNTIFS(Data!$U$2:$U$463,">0",Data!$AA$2:$AA$463,"<>full access") -> 93 | G29: =SUM(B29:F29) -> 231 | H29: =IF(G29=$B$5,"OK","Mismatch") -> OK
A32: 4. Rural vs urban ARC difference (rural − urban, points per year)
A33: Measure | B33: Value | C33: Country | E33: From | F33: To | G33: Countries
A34: Countries with both ARCs | B34: =COUNT(Data!$AB$2:$AB$463) -> 165 | E34: -3 | F34: -2.5 | G34: =COUNTIFS(Data!$AB$2:$AB$463,">="&E34,Data!$AB$2:$AB$463,"<"&F34) -> 0 | H34: =TEXT(E34,"0.0")&" to "&TEXT(F34,"0.0") -> -3.0 to -2.5
A35: Mean difference | B35: =AVERAGE(Data!$AB$2:$AB$463) -> 0.32116586 | E35: -2.5 | F35: -2 | G35: =COUNTIFS(Data!$AB$2:$AB$463,">="&E35,Data!$AB$2:$AB$463,"<"&F35) -> 1 | H35: =TEXT(E35,"0.0")&" to "&TEXT(F35,"0.0") -> -2.5 to -2.0
A36: Countries where rural improved faster | B36: =COUNTIF(Data!$AB$2:$AB$463,">0") -> 112 | E36: -2 | F36: -1.5 | G36: =COUNTIFS(Data!$AB$2:$AB$463,">="&E36,Data!$AB$2:$AB$463,"<"&F36) -> 0 | H36: =TEXT(E36,"0.0")&" to "&TEXT(F36,"0.0") -> -2.0 to -1.5
A37: Countries where urban improved faster | B37: =COUNTIF(Data!$AB$2:$AB$463,"<0") -> 23 | E37: -1.5 | F37: -1 | G37: =COUNTIFS(Data!$AB$2:$AB$463,">="&E37,Data!$AB$2:$AB$463,"<"&F37) -> 1 | H37: =TEXT(E37,"0.0")&" to "&TEXT(F37,"0.0") -> -1.5 to -1.0
A38: Largest gap in favour of rural | B38: =MAX(Data!$AB$2:$AB$463) -> 2.3292538 | C38: =INDEX(Data!$A$2:$A$463,MATCH(B38,Data!$AB$2:$AB$463,0)) -> Morocco | E38: -1 | F38: -0.5 | G38: =COUNTIFS(Data!$AB$2:$AB$463,">="&E38,Data!$AB$2:$AB$463,"<"&F38) -> 3 | H38: =TEXT(E38,"0.0")&" to "&TEXT(F38,"0.0") -> -1.0 to -0.5
A39: Largest gap in favour of urban | B39: =MIN(Data!$AB$2:$AB$463) -> -2.4887956 | C39: =INDEX(Data!$A$2:$A$463,MATCH(B39,Data!$AB$2:$AB$463,0)) -> South Sudan | E39: -0.5 | F39: 0 | G39: =COUNTIFS(Data!$AB$2:$AB$463,">="&E39,Data!$AB$2:$AB$463,"<"&F39) -> 18 | H39: =TEXT(E39,"0.0")&" to "&TEXT(F39,"0.0") -> -0.5 to 0.0
E40: 0 | F40: 0.5 | G40: =COUNTIFS(Data!$AB$2:$AB$463,">="&E40,Data!$AB$2:$AB$463,"<"&F40) -> 89 | H40: =TEXT(E40,"0.0")&" to "&TEXT(F40,"0.0") -> 0.0 to 0.5
E41: 0.5 | F41: 1 | G41: =COUNTIFS(Data!$AB$2:$AB$463,">="&E41,Data!$AB$2:$AB$463,"<"&F41) -> 35 | H41: =TEXT(E41,"0.0")&" to "&TEXT(F41,"0.0") -> 0.5 to 1.0
E42: 1 | F42: 1.5 | G42: =COUNTIFS(Data!$AB$2:$AB$463,">="&E42,Data!$AB$2:$AB$463,"<"&F42) -> 14 | H42: =TEXT(E42,"0.0")&" to "&TEXT(F42,"0.0") -> 1.0 to 1.5
E43: 1.5 | F43: 2 | G43: =COUNTIFS(Data!$AB$2:$AB$463,">="&E43,Data!$AB$2:$AB$463,"<"&F43) -> 3 | H43: =TEXT(E43,"0.0")&" to "&TEXT(F43,"0.0") -> 1.5 to 2.0
E44: 2 | F44: 2.5 | G44: =COUNTIFS(Data!$AB$2:$AB$463,">="&E44,Data!$AB$2:$AB$463,"<"&F44) -> 1 | H44: =TEXT(E44,"0.0")&" to "&TEXT(F44,"0.0") -> 2.0 to 2.5
E45: 2.5 | F45: 3 | G45: =COUNTIFS(Data!$AB$2:$AB$463,">="&E45,Data!$AB$2:$AB$463,"<"&F45) -> 0 | H45: =TEXT(E45,"0.0")&" to "&TEXT(F45,"0.0") -> 2.5 to 3.0

Sheet Regions
A1: Access to Water by Region – 2000–2020
A2: Average Annual Rates of Change per region (points per year). Population = latest year, in millions.
A4: Region | B4: Countries | C4: Population (millions) | D4: Avg ARC – national | E4: Avg ARC – rural | F4: Avg ARC – urban | G4: Full access – national | H4: Full access – rural | I4: Full access – urban
A5: East Asia & Pacific | B5: =COUNTIFS(Data!$B$2:$B$463,A5,Data!$R$2:$R$463,">=0") -> 40 | C5: =SUMPRODUCT((Data!$B$2:$B$463=A5)*NOT(ISNUMBER(Data!$R$2:$R$463))*Data!$D$2:$D$463)/1000 -> 2247.5367 | D5: =IFERROR(AVERAGEIF(Data!$B$2:$B$463,A5,Data!$S$2:$S$463),"") -> 0.2784349 | E5: =IFERROR(AVERAGEIF(Data!$B$2:$B$463,A5,Data!$T$2:$T$463),"") -> 0.5077948 | F5: =IFERROR(AVERAGEIF(Data!$B$2:$B$463,A5,Data!$U$2:$U$463),"") -> 0.23295792 | G5: =COUNTIFS(Data!$B$2:$B$463,A5,Data!$Y$2:$Y$463,"full access") -> 14 | H5: =COUNTIFS(Data!$B$2:$B$463,A5,Data!$Z$2:$Z$463,"full access") -> 4 | I5: =COUNTIFS(Data!$B$2:$B$463,A5,Data!$AA$2:$AA$463,"full access") -> 10
A6: Europe & Central Asia | B6: =COUNTIFS(Data!$B$2:$B$463,A6,Data!$R$2:$R$463,">=0") -> 64 | C6: =SUMPRODUCT((Data!$B$2:$B$463=A6)*NOT(ISNUMBER(Data!$R$2:$R$463))*Data!$D$2:$D$463)/1000 -> 1017.4768 | D6: =IFERROR(AVERAGEIF(Data!$B$2:$B$463,A6,Data!$S$2:$S$463),"") -> 0.11168578 | E6: =IFERROR(AVERAGEIF(Data!$B$2:$B$463,A6,Data!$T$2:$T$463),"") -> 0.22440971 | F6: =IFERROR(AVERAGEIF(Data!$B$2:$B$463,A6,Data!$U$2:$U$463),"") -> 0.046995216 | G6: =COUNTIFS(Data!$B$2:$B$463,A6,Data!$Y$2:$Y$463,"full access") -> 37 | H6: =COUNTIFS(Data!$B$2:$B$463,A6,Data!$Z$2:$Z$463,"full access") -> 23 | I6: =COUNTIFS(Data!$B$2:$B$463,A6,Data!$AA$2:$AA$463,"full access") -> 31
A7: Latin America & Caribbean | B7: =COUNTIFS(Data!$B$2:$B$463,A7,Data!$R$2:$R$463,">=0") -> 48 | C7: =SUMPRODUCT((Data!$B$2:$B$463=A7)*NOT(ISNUMBER(Data!$R$2:$R$463))*Data!$D$2:$D$463)/1000 -> 642.51317 | D7: =IFERROR(AVERAGEIF(Data!$B$2:$B$463,A7,Data!$S$2:$S$463),"") -> 0.14442485 | E7: =IFERROR(AVERAGEIF(Data!$B$2:$B$463,A7,Data!$T$2:$T$463),"") -> 0.6803145 | F7: =IFERROR(AVERAGEIF(Data!$B$2:$B$463,A7,Data!$U$2:$U$463),"") -> 0.071521594 | G7: =COUNTIFS(Data!$B$2:$B$463,A7,Data!$Y$2:$Y$463,"full access") -> 6 | H7: =COUNTIFS(Data!$B$2:$B$463,A7,Data!$Z$2:$Z$463,"full access") -> 0 | I7: =COUNTIFS(Data!$B$2:$B$463,A7,Data!$AA$2:$AA$463,"full access") -> 9
A8: Middle East & North Africa | B8: =COUNTIFS(Data!$B$2:$B$463,A8,Data!$R$2:$R$463,">=0") -> 10 | C8: =SUMPRODUCT((Data!$B$2:$B$463=A8)*NOT(ISNUMBER(Data!$R$2:$R$463))*Data!$D$2:$D$463)/1000 -> 311.0742 | D8: =IFERROR(AVERAGEIF(Data!$B$2:$B$463,A8,Data!$S$2:$S$463),"") -> 0.34556302 | E8: =IFERROR(AVERAGEIF(Data!$B$2:$B$463,A8,Data!$T$2:$T$463),"") -> 0.73698723 | F8: =IFERROR(AVERAGEIF(Data!$B$2:$B$463,A8,Data!$U$2:$U$463),"") -> 0.12397804 | G8: =COUNTIFS(Data!$B$2:$B$463,A8,Data!$Y$2:$Y$463,"full access") -> 1 | H8: =COUNTIFS(Data!$B$2:$B$463,A8,Data!$Z$2:$Z$463,"full access") -> 0 | I8: =COUNTIFS(Data!$B$2:$B$463,A8,Data!$AA$2:$AA$463,"full access") -> 1
A9: North America | B9: =COUNTIFS(Data!$B$2:$B$463,A9,Data!$R$2:$R$463,">=0") -> 5 | C9: =SUMPRODUCT((Data!$B$2:$B$463=A9)*NOT(ISNUMBER(Data!$R$2:$R$463))*Data!$D$2:$D$463)/1000 -> 368.86965 | D9: =IFERROR(AVERAGEIF(Data!$B$2:$B$463,A9,Data!$S$2:$S$463),"") -> 0.017158396 | E9: =IFERROR(AVERAGEIF(Data!$B$2:$B$463,A9,Data!$T$2:$T$463),"") -> 0.14233131 | F9: =IFERROR(AVERAGEIF(Data!$B$2:$B$463,A9,Data!$U$2:$U$463),"") -> 0.0020331735 | G9: =COUNTIFS(Data!$B$2:$B$463,A9,Data!$Y$2:$Y$463,"full access") -> 2 | H9: =COUNTIFS(Data!$B$2:$B$463,A9,Data!$Z$2:$Z$463,"full access") -> 1 | I9: =COUNTIFS(Data!$B$2:$B$463,A9,Data!$AA$2:$AA$463,"full access") -> 3
A10: South Asia | B10: =COUNTIFS(Data!$B$2:$B$463,A10,Data!$R$2:$R$463,">=0") -> 11 | C10: =SUMPRODUCT((Data!$B$2:$B$463=A10)*NOT(ISNUMBER(Data!$R$2:$R$463))*Data!$D$2:$D$463)/1000 -> 2082.3167 | D10: =IFERROR(AVERAGEIF(Data!$B$2:$B$463,A10,Data!$S$2:$S$463),"") -> 0.4802304 | E10: =IFERROR(AVERAGEIF(Data!$B$2:$B$463,A10,Data!$T$2:$T$463),"") -> 0.55914463 | F10: =IFERROR(AVERAGEIF(Data!$B$2:$B$463,A10,Data!$U$2:$U$463),"") -> 0.26548867 | G10: =COUNTIFS(Data!$B$2:$B$463,A10,Data!$Y$2:$Y$463,"full access") -> 0 | H10: =COUNTIFS(Data!$B$2:$B$463,A10,Data!$Z$2:$Z$463,"full access") -> 0 | I10: =COUNTIFS(Data!$B$2:$B$463,A10,Data!$AA$2:$AA$463,"full access") -> 0
A11: Sub-Saharan Africa | B11: =COUNTIFS(Data!$B$2:$B$463,A11,Data!$R$2:$R$463,">=0") -> 53 | C11: =SUMPRODUCT((Data!$B$2:$B$463=A11)*NOT(ISNUMBER(Data!$R$2:$R$463))*Data!$D$2:$D$463)/1000 -> 1124.0302 | D11: =IFERROR(AVERAGEIF(Data!$B$2:$B$463,A11,Data!$S$2:$S$463),"") -> 0.55936939 | E11: =IFERROR(AVERAGEIF(Data!$B$2:$B$463,A11,Data!$T$2:$T$463),"") -> 0.60408381 | F11: =IFERROR(AVERAGEIF(Data!$B$2:$B$463,A11,Data!$U$2:$U$463),"") -> 0.26903405 | G11: =COUNTIFS(Data!$B$2:$B$463,A11,Data!$Y$2:$Y$463,"full access") -> 2 | H11: =COUNTIFS(Data!$B$2:$B$463,A11,Data!$Z$2:$Z$463,"full access") -> 1 | I11: =COUNTIFS(Data!$B$2:$B$463,A11,Data!$AA$2:$AA$463,"full access") -> 1
A12: All regions | B12: =SUM(B5:B11) -> 231 | C12: =SUM(C5:C11) -> 7793.8175 | D12: =AVERAGE(Data!$S$2:$S$463) -> 0.27699608 | E12: =AVERAGE(Data!$T$2:$T$463) -> 0.48445493 | F12: =AVERAGE(Data!$U$2:$U$463) -> 0.15446264 | G12: =SUM(G5:G11) -> 62 | H12: =SUM(H5:H11) -> 29 | I12: =SUM(I5:I11) -> 55

Sheet Chart Data
A1: Data for the bubble chart (one row per country with both ARCs; values linked to the Data sheet)
A2: Country | B2: Region | C2: ARC – national | D2: ARC – rural | E2: Population (millions)
A3: =Data!A24 -> Australia | B3: =Data!B24 -> East Asia & Pacific | C3: =Data!S24 -> -3.877e-05 | D3: =Data!T24 -> 0 | E3: =Data!D25/1000 -> 25.499881
A4: =Data!A70 -> Cambodia | B4: =Data!B70 -> East Asia & Pacific | C4: =Data!S70 -> 0.5552072 | D4: =Data!T70 -> 0.47120783 | E4: =Data!D71/1000 -> 16.718971
A5: =Data!A86 -> China | B5: =Data!B86 -> East Asia & Pacific | C5: =Data!S86 -> 0.49969387 | D5: =Data!T86 -> 1.0364091 | E5: =Data!D87/1000 -> 1463.1405
A6: =Data!A114 -> Democratic People's Republic of Korea | B6: =Data!B114 -> East Asia & Pacific | C6: =Data!S114 -> -0.27420774 | D6: =Data!T114 -> -0.57266871 | E6: =Data!D115/1000 -> 25.778814
A7: =Data!A146 -> Fiji | B7: =Data!B146 -> East Asia & Pacific | C7: =Data!S146 -> 0.007701314 | D7: =Data!T146 -> -0.058100668 | E7: =Data!D147/1000 -> 0.89644397
A8: =Data!A196 -> Indonesia | B8: =Data!B196 -> East Asia & Pacific | C8: =Data!S196 -> 0.77759933 | D8: =Data!T196 -> 1.0074342 | E8: =Data!D197/1000 -> 273.52362
A9: =Data!A220 -> Kiribati | B9: =Data!B220 -> East Asia & Pacific | C9: =Data!S220 -> 0.82456485 | D9: =Data!T220 -> 0.61438646 | E9: =Data!D221/1000 -> 0.119446
A10: =Data!A226 -> Lao People's Democratic Republic | B10: =Data!B226 -> East Asia & Pacific | C10: =Data!S226 -> 1.5518342 | D10: =Data!T226 -> 1.6466546 | E10: =Data!D227/1000 -> 7.2755562
A11: =Data!A256 -> Marshall Islands | B11: =Data!B256 -> East Asia & Pacific | C11: =Data!S256 -> 0.045904672 | D11: =Data!T256 -> 0.030272 | E11: =Data!D257/1000 -> 0.059194
A12: =Data!A272 -> Mongolia | B12: =Data!B272 -> East Asia & Pacific | C12: =Data!S272 -> 0.93652264 | D12: =Data!T272 -> 1.7953726 | E12: =Data!D273/1000 -> 3.278292
A13: =Data!A282 -> Myanmar | B13: =Data!B282 -> East Asia & Pacific | C13: =Data!S282 -> 2.0261443 | D13: =Data!T282 -> 2.2345902 | E13: =Data!D283/1000 -> 54.409793
A14: =Data!A294 -> New Zealand | B14: =Data!B294 -> East Asia & Pacific | C14: =Data!S294 -> 7.9e-07 | D14: =Data!T294 -> 0 | E14: =Data!D295/1000 -> 4.8222329
A15: =Data!A314 -> Palau | B15: =Data!B314 -> East Asia & Pacific | C15: =Data!S314 -> 0.00547893 | D15: =Data!T314 -> 0.02862271 | E15: =Data!D315/1000 -> 0.018091999
A16: =Data!A318 -> Papua New Guinea | B16: =Data!B318 -> East Asia & Pacific | C16: =Data!S318 -> 0.77170182 | D16: =Data!T318 -> 0.81614213 | E16: =Data!D319/1000 -> 8.9470273
A17: =Data!A360 -> Samoa | B17: =Data!B360 -> East Asia & Pacific | C17: =Data!S360 -> 0.10326544 | D17: =Data!T360 -> 0.078781444 | E17: =Data!D361/1000 -> 0.19841
A18: =Data!A384 -> Solomon Islands | B18: =Data!B384 -> East Asia & Pacific | C18: =Data!S384 -> -0.40577867 | D18: =Data!T384 -> -0.72137414 | E18: =Data!D385/1000 -> 0.68687799
A19: =Data!A408 -> Thailand | B19: =Data!B408 -> East Asia & Pacific | C19: =Data!S408 -> 0.14816588 | D19: =Data!T408 -> 0.22409666 | E19: =Data!D409/1000 -> 69.799977
A20: =Data!A410 -> Timor-Leste | B20: =Data!B410 -> East Asia & Pacific | C20: =Data!S410 -> 2.0490995 | D20: =Data!T410 -> 2.3056812 | E20: =Data!D411/1000 -> 1.318442
A21: =Data!A414 -> Tokelau | B21: =Data!B414 -> East Asia & Pacific | C21: =Data!S414 -> 0.05005613 | D21: =Data!T414 -> 0.05005613 | E21: =Data!D415/1000 -> 0.00135
A22: =Data!A416 -> Tonga | B22: =Data!B416 -> East Asia & Pacific | C22: =Data!S416 -> 0.036275096 | D22: =Data!T416 -> 0.015006062 | E22: =Data!D417/1000 -> 0.105697
A23: =Data!A428 -> Tuvalu | B23: =Data!B428 -> East Asia & Pacific | C23: =Data!S428 -> 0 | D23: =Data!T428 -> 0 | E23: =Data!D429/1000 -> 0.011792
A24: =Data!A448 -> Vanuatu | B24: =Data!B448 -> East Asia & Pacific | C24: =Data!S448 -> 0.24860285 | D24: =Data!T448 -> 0.28383011 | E24: =Data!D449/1000 -> 0.30714999
A25: =Data!A452 -> Viet Nam | B25: =Data!B452 -> East Asia & Pacific | C25: =Data!S452 -> 0.71125926 | D25: =Data!T452 -> 0.93629409 | E25: =Data!D453/1000 -> 97.338586
A26: =Data!A454 -> Wallis and Futuna Islands | B26: =Data!B454 -> East Asia & Pacific | C26: =Data!S454 -> -0.035618834 | D26: =Data!T454 -> -0.035618834 | E26: =Data!D455/1000 -> 0.011246
A27: =Data!A4 -> Albania | B27: =Data!B4 -> Europe & Central Asia | C27: =Data!S4 -> 0.3347427 | D27: =Data!T4 -> 0.69281669 | E27: =Data!D5/1000 -> 2.8778
A28: =Data!A10 -> Andorra | B28: =Data!B10 -> Europe & Central Asia | C28: =Data!S10 -> 1.23e-06 | D28: =Data!T10 -> 0 | E28: =Data!D11/1000 -> 0.077264999
A29: =Data!A20 -> Armenia | B29: =Data!B20 -> Europe & Central Asia | C29: =Data!S20 -> 0.083722798 | D29: =Data!T20 -> 0.18904415 | E29: =Data!D21/1000 -> 2.9632339
A30: =Data!A26 -> Austria | B30: =Data!B26 -> Europe & Central Asia | C30: =Data!S26 -> 0 | D30: =Data!T26 -> 0 | E30: =Data!D27/1000 -> 9.0064004
A31: =Data!A28 -> Azerbaijan | B31: =Data!B28 -> Europe & Central Asia | C31: =Data!S28 -> 0.72461243 | D31: =Data!T28 -> 1.3565169 | E31: =Data!D29/1000 -> 10.139175
A32: =Data!A38 -> Belarus | B32: =Data!B38 -> Europe & Central Asia | C32: =Data!S38 -> 0.011531798 | D32: =Data!T38 -> 0.046690142 | E32: =Data!D39/1000 -> 9.4493213
A33: =Data!A40 -> Belgium | B33: =Data!B40 -> Europe & Central Asia | C33: =Data!S40 -> -2.5e-07 | D33: =Data!T40 -> 0 | E33: =Data!D41/1000 -> 11.589616
A34: =Data!A52 -> Bosnia and Herzegovina | B34: =Data!B52 -> Europe & Central Asia | C34: =Data!S52 -> -0.009189312 | D34: =Data!T52 -> 0 | E34: =Data!D53/1000 -> 3.2808149
A35: =Data!A62 -> Bulgaria | B35: =Data!B62 -> Europe & Central Asia | C35: =Data!S62 -> -0.036982074 | D35: =Data!T62 -> -0.12297047 | E35: =Data!D63/1000 -> 6.9484448
A36: =Data!A110 -> Cyprus | B36: =Data!B110 -> Europe & Central Asia | C36: =Data!S110 -> -0.004668878 | D36: =Data!T110 -> -0.003084764 | E36: =Data!D111/1000 -> 1.207361
A37: =Data!A112 -> Czech Republic | B37: =Data!B112 -> Europe & Central Asia | C37: =Data!S112 -> 9.9796e-05 | D37: =Data!T112 -> 0 | E37: =Data!D113/1000 -> 10.708982
A38: =Data!A118 -> Denmark | B38: =Data!B118 -> Europe & Central Asia | C38: =Data!S118 -> 6.5e-07 | D38: =Data!T118 -> 0 | E38: =Data!D119/1000 -> 5.7922031
A39: =Data!A148 -> Finland | B39: =Data!B148 -> Europe & Central Asia | C39: =Data!S148 -> 1.328e-06 | D39: =Data!T148 -> 0 | E39: =Data!D149/1000 -> 5.5407178
A40: =Data!A150 -> France | B40: =Data!B150 -> Europe & Central Asia | C40: =Data!S150 -> -3e-07 | D40: =Data!T150 -> 0 | E40: =Data!D151/1000 -> 65.273512
A41: =Data!A160 -> Georgia | B41: =Data!B160 -> Europe & Central Asia | C41: =Data!S160 -> 0.31868204 | D41: =Data!T160 -> 0.59534672 | E41: =Data!D161/1000 -> 3.989175
A42: =Data!A162 -> Germany | B42: =Data!B162 -> Europe & Central Asia | C42: =Data!S162 -> -1.9999999e-08 | D42: =Data!T162 -> 0 | E42: =Data!D163/1000 -> 83.783945
A43: =Data!A168 -> Greece | B43: =Data!B168 -> Europe & Central Asia | C43: =Data!S168 -> -4.6e-07 | D43: =Data!T168 -> 0 | E43: =Data!D169/1000 -> 10.423056
A44: =Data!A190 -> Hungary | B44: =Data!B190 -> Europe & Central Asia | C44: =Data!S190 -> 0.005893702 | D44: =Data!T190 -> 0.019982056 | E44: =Data!D191/1000 -> 9.6603496
A45: =Data!A192 -> Iceland | B45: =Data!B192 -> Europe & Central Asia | C45: =Data!S192 -> -1.018e-06 | D45: =Data!T192 -> 0 | E45: =Data!D193/1000 -> 0.34125
A46: =Data!A202 -> Ireland | B46: =Data!B202 -> Europe & Central Asia | C46: =Data!S202 -> 0.005515704 | D46: =Data!T202 -> 0.023620912 | E46: =Data!D203/1000 -> 4.9377959
A47: =Data!A206 -> Israel | B47: =Data!B206 -> Europe & Central Asia | C47: =Data!S206 -> -3e-07 | D47: =Data!T206 -> 0 | E47: =Data!D207/1000 -> 8.655541
A48: =Data!A216 -> Kazakhstan | B48: =Data!B216 -> Europe & Central Asia | C48: =Data!S216 -> 0.081927182 | D48: =Data!T216 -> 0.2383509 | E48: =Data!D217/1000 -> 18.776707
A49: =Data!A224 -> Kyrgyzstan | B49: =Data!B224 -> Europe & Central Asia | C49: =Data!S224 -> 0.65150879 | D49: =Data!T224 -> 0.83064227 | E49: =Data!D225/1000 -> 6.5241909
A50: =Data!A228 -> Latvia | B50: =Data!B228 -> Europe & Central Asia | C50: =Data!S228 -> 0.051496774 | D50: =Data!T228 -> 0.14490083 | E50: =Data!D229/1000 -> 1.886202
A51: =Data!A240 -> Lithuania | B51: =Data!B240 -> Europe & Central Asia | C51: =Data!S240 -> 0.28184173 | D51: =Data!T240 -> 0.61285916 | E51: =Data!D241/1000 -> 2.722291
A52: =Data!A242 -> Luxembourg | B52: =Data!B242 -> Europe & Central Asia | C52: =Data!S242 -> -0.009047624 | D52: =Data!T242 -> -0.12857143 | E52: =Data!D243/1000 -> 0.62597601
A53: =Data!A254 -> Malta | B53: =Data!B254 -> Europe & Central Asia | C53: =Data!S254 -> 8.0000001e-08 | D53: =Data!T254 -> 0 | E53: =Data!D255/1000 -> 0.441539
A54: =Data!A274 -> Montenegro | B54: =Data!B274 -> Europe & Central Asia | C54: =Data!S274 -> 0.29312423 | D54: =Data!T274 -> 0.44024507 | E54: =Data!D275/1000 -> 0.62806201
A55: =Data!A290 -> Netherlands | B55: =Data!B290 -> Europe & Central Asia | C55: =Data!S290 -> 1.46e-07 | D55: =Data!T290 -> 0 | E55: =Data!D291/1000 -> 17.134873
A56: =Data!A304 -> North Macedonia | B56: =Data!B304 -> Europe & Central Asia | C56: =Data!S304 -> 0.054096592 | D56: =Data!T304 -> -0.032903712 | E56: =Data!D305/1000 -> 2.0833799
A57: =Data!A308 -> Norway | B57: =Data!B308 -> Europe & Central Asia | C57: =Data!S308 -> -1.14e-06 | D57: =Data!T308 -> 0 | E57: =Data!D309/1000 -> 5.4212422
A58: =Data!A326 -> Poland | B58: =Data!B326 -> Europe & Central Asia | C58: =Data!S326 -> 0.14690433 | D58: =Data!T326 -> 0.29241935 | E58: =Data!D327/1000 -> 37.846605
A59: =Data!A328 -> Portugal | B59: =Data!B328 -> Europe & Central Asia | C59: =Data!S328 -> 0.001460766 | D59: =Data!T328 -> 0 | E59: =Data!D329/1000 -> 10.196707
A60: =Data!A336 -> Republic of Moldova | B60: =Data!B336 -> Europe & Central Asia | C60: =Data!S336 -> 0.39878607 | D60: =Data!T336 -> 0.58770947 | E60: =Data!D337/1000 -> 4.0339629
A61: =Data!A340 -> Romania | B61: =Data!B340 -> Europe & Central Asia | C61: =Data!S340 -> 0 | D61: =Data!T340 -> 0 | E61: =Data!D341/1000 -> 19.237682
A62: =Data!A342 -> Russian Federation | B62: =Data!B342 -> Europe & Central Asia | C62: =Data!S342 -> 0.093078528 | D62: =Data!T342 -> 0.28679859 | E62: =Data!D343/1000 -> 145.93445
A63: =Data!A370 -> Serbia | B63: =Data!B370 -> Europe & Central Asia | C63: =Data!S370 -> 0.3818144 | D63: =Data!T370 -> 0.22428914 | E63: =Data!D371/1000 -> 8.7373701
A64: =Data!A380 -> Slovakia | B64: =Data!B380 -> Europe & Central Asia | C64: =Data!S380 -> 0.00010189 | D64: =Data!T380 -> 0 | E64: =Data!D381/1000 -> 5.4596431
A65: =Data!A392 -> Spain | B65: =Data!B392 -> Europe & Central Asia | C65: =Data!S392 -> -0.00022157 | D65: =Data!T392 -> 0 | E65: =Data!D393/1000 -> 46.754781
A66: =Data!A400 -> Sweden | B66: =Data!B400 -> Europe & Central Asia | C66: =Data!S400 -> 0.00912732 | D66: =Data!T400 -> 0.033877642 | E66: =Data!D401/1000 -> 10.09927
A67: =Data!A402 -> Switzerland | B67: =Data!B402 -> Europe & Central Asia | C67: =Data!S402 -> 5.6e-07 | D67: =Data!T402 -> 0 | E67: =Data!D403/1000 -> 8.6546182
A68: =Data!A406 -> Tajikistan | B68: =Data!B406 -> Europe & Central Asia | C68: =Data!S406 -> 1.1225839 | D68: =Data!T406 -> 1.4182834 | E68: =Data!D407/1000 -> 9.5376416
A69: =Data!A422 -> Turkey | B69: =Data!B422 -> Europe & Central Asia | C69: =Data!S422 -> 0.15162201 | D69: =Data!T422 -> 0.36425736 | E69: =Data!D423/1000 -> 84.33907
A70: =Data!A424 -> Turkmenistan | B70: =Data!B424 -> Europe & Central Asia | C70: =Data!S424 -> 0.46821114 | D70: =Data!T424 -> 0.75604337 | E70: =Data!D425/1000 -> 6.031187
A71: =Data!A432 -> Ukraine | B71: =Data!B432 -> Europe & Central Asia | C71: =Data!S432 -> 0.054275052 | D71: =Data!T432 -> 0.23137768 | E71: =Data!D433/1000 -> 43.733758
A72: =Data!A436 -> United Kingdom | B72: =Data!B436 -> Europe & Central Asia | C72: =Data!S436 -> -5.88e-07 | D72: =Data!T436 -> 0 | E72: =Data!D437/1000 -> 67.886008
A73: =Data!A446 -> Uzbekistan | B73: =Data!B446 -> Europe & Central Asia | C73: =Data!S446 -> 0.060041318 | D73: =Data!T446 -> 0.086038162 | E73: =Data!D447/1000 -> 33.469199
A74: =Data!A456 -> West Bank and Gaza Strip | B74: =Data!B456 -> Europe & Central Asia | C74: =Data!S456 -> 0.3001081 | D74: =Data!T456 -> 0.66688281 | E74: =Data!D457/1000 -> 5.101416
A75: =Data!A458 -> Yemen | B75: =Data!B458 -> Europe & Central Asia | C75: =Data!S458 -> 0.97694024 | D75: =Data!T458 -> 1.1446132 | E75: =Data!D459/1000 -> 29.825969
A76: =Data!A42 -> Belize | B76: =Data!B42 -> Latin America & Caribbean | C76: =Data!S42 -> 0.24527193 | D76: =Data!T42 -> 0.4682751 | E76: =Data!D43/1000 -> 0.397621
A77: =Data!A50 -> Bolivia (Plurinational State of) | B77: =Data!B50 -> Latin America & Caribbean | C77: =Data!S50 -> 0.58558612 | D77: =Data!T50 -> 1.2392925 | E77: =Data!D51/1000 -> 11.673029
A78: =Data!A56 -> Brazil | B78: =Data!B56 -> Latin America & Caribbean | C78: =Data!S56 -> 0.30345708 | D78: =Data!T56 -> 1.4378463 | E78: =Data!D57/1000 -> 212.55941
A79: =Data!A84 -> Chile | B79: =Data!B84 -> Latin America & Caribbean | C79: =Data!S84 -> 0.0987012 | D79: =Data!T84 -> 0.5864603 | E79: =Data!D85/1000 -> 19.116209
A80: =Data!A92 -> Colombia | B80: =Data!B92 -> Latin America & Caribbean | C80: =Data!S92 -> 0.2311578 | D80: =Data!T92 -> 0.69866939 | E80: =Data!D93/1000 -> 50.882883
A81: =Data!A100 -> Costa Rica | B81: =Data!B100 -> Latin America & Caribbean | C81: =Data!S100 -> 0.086370022 | D81: =Data!T100 -> 0.2920435 | E81: =Data!D101/1000 -> 5.0941138
A82: =Data!A106 -> Cuba | B82: =Data!B106 -> Latin America & Caribbean | C82: =Data!S106 -> 0.22617994 | D82: =Data!T106 -> 0.7883181 | E82: =Data!D107/1000 -> 11.326616
A83: =Data!A124 -> Dominican Republic | B83: =Data!B124 -> Latin America & Caribbean | C83: =Data!S124 -> 0.11749468 | D83: =Data!T124 -> 0.21868412 | E83: =Data!D125/1000 -> 10.847904
A84: =Data!A126 -> Ecuador | B84: =Data!B126 -> Latin America & Caribbean | C84: =Data!S126 -> 0.45919681 | D84: =Data!T126 -> 0.8996526 | E84: =Data!D127/1000 -> 17.643061
A85: =Data!A130 -> El Salvador | B85: =Data!B130 -> Latin America & Caribbean | C85: =Data!S130 -> 0.47688753 | D85: =Data!T130 -> 1.0986362 | E85: =Data!D131/1000 -> 6.4862012
A86: =Data!A144 -> Falkland Islands (Malvinas) | B86: =Data!B144 -> Latin America & Caribbean | C86: =Data!S144 -> 0.097784148 | D86: =Data!T144 -> 0 | E86: =Data!D145/1000 -> 0.003483
A87: =Data!A178 -> Guatemala | B87: =Data!B178 -> Latin America & Caribbean | C87: =Data!S178 -> 0.37447888 | D87: =Data!T178 -> 0.57531472 | E87: =Data!D179/1000 -> 17.915566
A88: =Data!A184 -> Guyana | B88: =Data!B184 -> Latin America & Caribbean | C88: =Data!S184 -> 0.07858998 | D88: =Data!T184 -> 0.10114416 | E88: =Data!D185/1000 -> 0.78655902
A89: =Data!A188 -> Honduras | B89: =Data!B188 -> Latin America & Caribbean | C89: =Data!S188 -> 0.48696208 | D89: =Data!T188 -> 0.68774516 | E89: =Data!D189/1000 -> 9.9046084
A90: =Data!A210 -> Jamaica | B90: =Data!B210 -> Latin America & Caribbean | C90: =Data!S210 -> 0.12262964 | D90: =Data!T210 -> 0.17984045 | E90: =Data!D211/1000 -> 2.9611609
A91: =Data!A266 -> Mexico | B91: =Data!B266 -> Latin America & Caribbean | C91: =Data!S266 -> 0.33082495 | D91: =Data!T266 -> 1.010075 | E91: =Data!D267/1000 -> 128.93275
A92: =Data!A296 -> Nicaragua | B92: =Data!B296 -> Latin America & Caribbean | C92: =Data!S296 -> 0.071125052 | D92: =Data!T296 -> -0.079442242 | E92: =Data!D297/1000 -> 6.6245542
A93: =Data!A316 -> Panama | B93: =Data!B316 -> Latin America & Caribbean | C93: =Data!S316 -> 0.29363575 | D93: =Data!T316 -> 0.52870075 | E93: =Data!D317/1000 -> 4.3147681
A94: =Data!A320 -> Paraguay | B94: =Data!B320 -> Latin America & Caribbean | C94: =Data!S320 -> 0.55145036 | D94: =Data!T320 -> 1.1533054 | E94: =Data!D321/1000 -> 7.1325298
A95: =Data!A322 -> Peru | B95: =Data!B322 -> Latin America & Caribbean | C95: =Data!S322 -> 0.57147263 | D95: =Data!T322 -> 1.5023629 | E95: =Data!D323/1000 -> 32.971848
A96: =Data!A352 -> Saint Lucia | B96: =Data!B352 -> Latin America & Caribbean | C96: =Data!S352 -> 0.26395006 | D96: =Data!T352 -> 0.30035252 | E96: =Data!D353/1000 -> 0.183629
A97: =Data!A398 -> Suriname | B97: =Data!B398 -> Latin America & Caribbean | C97: =Data!S398 -> 0.4483879 | D97: =Data!T398 -> 1.1989593 | E97: =Data!D399/1000 -> 0.58663397
A98: =Data!A444 -> Uruguay | B98: =Data!B444 -> Latin America & Caribbean | C98: =Data!S444 -> 0.072872 | D98: =Data!T444 -> 0.76099723 | E98: =Data!D445/1000 -> 3.4737271
A99: =Data!A6 -> Algeria | B99: =Data!B6 -> Middle East & North Africa | C99: =Data!S6 -> 0.20555369 | D99: =Data!T6 -> 0.33696621 | E99: =Data!D7/1000 -> 43.851043
A100: =Data!A128 -> Egypt | B100: =Data!B128 -> Middle East & North Africa | C100: =Data!S128 -> 0.066691684 | D100: =Data!T128 -> 0.10619145 | E100: =Data!D129/1000 -> 102.33441
...

Sheet Region Lookup
A1: Country | B1: Region
A2: Afghanistan | B2: South Asia
A3: Albania | B3: Europe & Central Asia
A4: Algeria | B4: Middle East & North Africa
A5: American Samoa | B5: East Asia & Pacific
A6: Andorra | B6: Europe & Central Asia
A7: Angola | B7: Sub-Saharan Africa
A8: Anguilla | B8: Latin America & Caribbean
A9: Antigua and Barbuda | B9: Latin America & Caribbean
A10: Argentina | B10: Latin America & Caribbean
A11: Armenia | B11: Europe & Central Asia
A12: Aruba | B12: Latin America & Caribbean
... A233: Zimbabwe | B233: Sub-Saharan Africa
